file,line,column,category,reason,context
Assets/BuildProfiles/WebGL RC1.asset,197,50,package identity,Preserves installed application and package compatibility.,- line: '|     Android: com.muhammedcanarica.pipemuzzle'
Assets/BuildProfiles/WebGL RC1.asset,837,36,package identity,Preserves installed application and package compatibility.,- line: '|   metroPackageName: PipeMuzzle'
Assets/BuildProfiles/WebGL RC1.asset,920,31,cloud identity,Existing Unity Services linked project metadata; external project was not renamed.,- line: '|   projectName: PipeMuzzle'
Assets/Data/GameplayThemes/BambooWorkshopGameplayTheme.asset,14,45,serialized type,Preserves Unity type resolution and asset/scene serialization.,m_EditorClassIdentifier: Assembly-CSharp::PipeMuzzle.Data.WorldGameplayTheme
Assets/Data/GameplayThemes/MoonShrineGameplayTheme.asset,14,45,serialized type,Preserves Unity type resolution and asset/scene serialization.,m_EditorClassIdentifier: Assembly-CSharp::PipeMuzzle.Data.WorldGameplayTheme
Assets/Data/GameplayThemes/SakuraGardenGameplayTheme.asset,14,45,serialized type,Preserves Unity type resolution and asset/scene serialization.,m_EditorClassIdentifier: Assembly-CSharp::PipeMuzzle.Data.WorldGameplayTheme
Assets/Data/Stories/BambooStory.asset,8,45,serialized type,Preserves Unity type resolution and asset/scene serialization.,m_EditorClassIdentifier: Assembly-CSharp::PipeMuzzle.Data.ComicStoryDefinition
Assets/Data/Stories/Bamboo_After03.asset,8,45,serialized type,Preserves Unity type resolution and asset/scene serialization.,m_EditorClassIdentifier: Assembly-CSharp::PipeMuzzle.Data.ComicStoryDefinition
Assets/Data/Stories/Bamboo_After06.asset,8,45,serialized type,Preserves Unity type resolution and asset/scene serialization.,m_EditorClassIdentifier: Assembly-CSharp::PipeMuzzle.Data.ComicStoryDefinition
Assets/Data/Stories/Bamboo_After09.asset,8,45,serialized type,Preserves Unity type resolution and asset/scene serialization.,m_EditorClassIdentifier: Assembly-CSharp::PipeMuzzle.Data.ComicStoryDefinition
Assets/Data/Stories/Bamboo_Final.asset,8,45,serialized type,Preserves Unity type resolution and asset/scene serialization.,m_EditorClassIdentifier: Assembly-CSharp::PipeMuzzle.Data.ComicStoryDefinition
Assets/Data/Stories/Bamboo_Intro.asset,8,45,serialized type,Preserves Unity type resolution and asset/scene serialization.,m_EditorClassIdentifier: Assembly-CSharp::PipeMuzzle.Data.ComicStoryDefinition
Assets/Data/Stories/MoonStory.asset,8,45,serialized type,Preserves Unity type resolution and asset/scene serialization.,m_EditorClassIdentifier: Assembly-CSharp::PipeMuzzle.Data.ComicStoryDefinition
Assets/Data/Stories/Moon_After03.asset,8,45,serialized type,Preserves Unity type resolution and asset/scene serialization.,m_EditorClassIdentifier: Assembly-CSharp::PipeMuzzle.Data.ComicStoryDefinition
Assets/Data/Stories/Moon_After06.asset,8,45,serialized type,Preserves Unity type resolution and asset/scene serialization.,m_EditorClassIdentifier: Assembly-CSharp::PipeMuzzle.Data.ComicStoryDefinition
Assets/Data/Stories/Moon_After09.asset,8,45,serialized type,Preserves Unity type resolution and asset/scene serialization.,m_EditorClassIdentifier: Assembly-CSharp::PipeMuzzle.Data.ComicStoryDefinition
Assets/Data/Stories/Moon_Final.asset,8,45,serialized type,Preserves Unity type resolution and asset/scene serialization.,m_EditorClassIdentifier: Assembly-CSharp::PipeMuzzle.Data.ComicStoryDefinition
Assets/Data/Stories/Moon_Intro.asset,8,45,serialized type,Preserves Unity type resolution and asset/scene serialization.,m_EditorClassIdentifier: Assembly-CSharp::PipeMuzzle.Data.ComicStoryDefinition
Assets/Data/Stories/SakuraStory.asset,8,45,serialized type,Preserves Unity type resolution and asset/scene serialization.,m_EditorClassIdentifier: Assembly-CSharp::PipeMuzzle.Data.ComicStoryDefinition
Assets/Data/Stories/Sakura_After03.asset,8,45,serialized type,Preserves Unity type resolution and asset/scene serialization.,m_EditorClassIdentifier: Assembly-CSharp::PipeMuzzle.Data.ComicStoryDefinition
Assets/Data/Stories/Sakura_After06.asset,8,45,serialized type,Preserves Unity type resolution and asset/scene serialization.,m_EditorClassIdentifier: Assembly-CSharp::PipeMuzzle.Data.ComicStoryDefinition
Assets/Data/Stories/Sakura_After09.asset,8,45,serialized type,Preserves Unity type resolution and asset/scene serialization.,m_EditorClassIdentifier: Assembly-CSharp::PipeMuzzle.Data.ComicStoryDefinition
Assets/Data/Stories/Sakura_Final.asset,8,45,serialized type,Preserves Unity type resolution and asset/scene serialization.,m_EditorClassIdentifier: Assembly-CSharp::PipeMuzzle.Data.ComicStoryDefinition
Assets/Data/Stories/Sakura_Intro.asset,8,45,serialized type,Preserves Unity type resolution and asset/scene serialization.,m_EditorClassIdentifier: Assembly-CSharp::PipeMuzzle.Data.ComicStoryDefinition
Assets/Editor/FeedbackAndroidManifest.cs,5,11,code identity,"Preserves namespaces, classes and test/tool integration; invisible to players.",namespace PipeMuzzle.Editor
Assets/Editor/LevelHintBaker.cs,3,7,code identity,"Preserves namespaces, classes and test/tool integration; invisible to players.",using PipeMuzzle.Data;
Assets/Editor/LevelHintBaker.cs,7,11,code identity,"Preserves namespaces, classes and test/tool integration; invisible to players.",namespace PipeMuzzle.Editor
Assets/Editor/LevelValidationUtility.cs,3,7,code identity,"Preserves namespaces, classes and test/tool integration; invisible to players.",using PipeMuzzle.Board;
Assets/Editor/LevelValidationUtility.cs,4,7,code identity,"Preserves namespaces, classes and test/tool integration; invisible to players.",using PipeMuzzle.Data;
Assets/Editor/LevelValidationUtility.cs,8,11,code identity,"Preserves namespaces, classes and test/tool integration; invisible to players.",namespace PipeMuzzle.Editor
Assets/Editor/PipeMuzzleStoryDebugMenu.cs,0,1,path,Existing solution or script path retained; avoids tooling and serialized identity changes.,Assets/Editor/PipeMuzzleStoryDebugMenu.cs
Assets/Editor/PipeMuzzleStoryDebugMenu.cs,2,7,code identity,"Preserves namespaces, classes and test/tool integration; invisible to players.",using PipeMuzzle.Data;
Assets/Editor/PipeMuzzleStoryDebugMenu.cs,3,7,code identity,"Preserves namespaces, classes and test/tool integration; invisible to players.",using PipeMuzzle.Gameplay;
Assets/Editor/PipeMuzzleStoryDebugMenu.cs,6,11,code identity,"Preserves namespaces, classes and test/tool integration; invisible to players.",namespace PipeMuzzle.Editor
Assets/Editor/PipeMuzzleStoryDebugMenu.cs,8,25,code identity,"Preserves namespaces, classes and test/tool integration; invisible to players.",public static class PipeMuzzleStoryDebugMenu
Assets/Editor/PipeMuzzleStoryDebugMenu.cs.meta,0,1,path,Existing solution or script path retained; avoids tooling and serialized identity changes.,Assets/Editor/PipeMuzzleStoryDebugMenu.cs.meta
Assets/Editor/PipeMuzzleTutorialDebugMenu.cs,0,1,path,Existing solution or script path retained; avoids tooling and serialized identity changes.,Assets/Editor/PipeMuzzleTutorialDebugMenu.cs
Assets/Editor/PipeMuzzleTutorialDebugMenu.cs,2,7,code identity,"Preserves namespaces, classes and test/tool integration; invisible to players.",using PipeMuzzle.Gameplay;
Assets/Editor/PipeMuzzleTutorialDebugMenu.cs,5,11,code identity,"Preserves namespaces, classes and test/tool integration; invisible to players.",namespace PipeMuzzle.Editor
Assets/Editor/PipeMuzzleTutorialDebugMenu.cs,7,25,code identity,"Preserves namespaces, classes and test/tool integration; invisible to players.",public static class PipeMuzzleTutorialDebugMenu
Assets/Editor/PipeMuzzleTutorialDebugMenu.cs.meta,0,1,path,Existing solution or script path retained; avoids tooling and serialized identity changes.,Assets/Editor/PipeMuzzleTutorialDebugMenu.cs.meta
Assets/Editor/PipeSpriteAlignmentValidator.cs,5,11,code identity,"Preserves namespaces, classes and test/tool integration; invisible to players.",namespace PipeMuzzle.Editor
Assets/Prefabs/TilePrefab.prefab,107,45,serialized type,Preserves Unity type resolution and asset/scene serialization.,m_EditorClassIdentifier: Assembly-CSharp::PipeMuzzle.View.TileView
Assets/Resources/WorldMap/WorldMapArtwork.shader,1,9,shader identity,Preserves existing shader identity and material compatibility.,"Shader ""PipeMuzzle/UI/WorldMapArtwork"""
Assets/Resources/Worlds/BambooWorkshop.asset,14,45,serialized type,Preserves Unity type resolution and asset/scene serialization.,m_EditorClassIdentifier: Assembly-CSharp::PipeMuzzle.Data.WorldDefinition
Assets/Resources/Worlds/MoonShrine.asset,14,45,serialized type,Preserves Unity type resolution and asset/scene serialization.,m_EditorClassIdentifier: Assembly-CSharp::PipeMuzzle.Data.WorldDefinition
Assets/Resources/Worlds/SakuraGarden.asset,14,45,serialized type,Preserves Unity type resolution and asset/scene serialization.,m_EditorClassIdentifier: Assembly-CSharp::PipeMuzzle.Data.WorldDefinition
Assets/Scenes/Gameplay.unity,730,45,serialized type,Preserves Unity type resolution and asset/scene serialization.,m_EditorClassIdentifier: Assembly-CSharp::PipeMuzzle.Gameplay.GameController
Assets/Scenes/Gameplay.unity,1979,45,serialized type,Preserves Unity type resolution and asset/scene serialization.,m_EditorClassIdentifier: Assembly-CSharp::PipeMuzzle.View.BoardCameraFitter
Assets/Scenes/Gameplay.unity,2013,45,serialized type,Preserves Unity type resolution and asset/scene serialization.,m_EditorClassIdentifier: Assembly-CSharp::PipeMuzzle.View.BoardView
Assets/Scenes/Gameplay.unity,2028,45,serialized type,Preserves Unity type resolution and asset/scene serialization.,m_EditorClassIdentifier: Assembly-CSharp::PipeMuzzle.View.EnergyFlowView
Assets/Scenes/Gameplay.unity,3118,45,serialized type,Preserves Unity type resolution and asset/scene serialization.,m_EditorClassIdentifier: Assembly-CSharp::PipeMuzzle.UI.GameUI
Assets/Scenes/Gameplay.unity,3137,45,serialized type,Preserves Unity type resolution and asset/scene serialization.,m_EditorClassIdentifier: Assembly-CSharp::PipeMuzzle.UI.LevelSelectUI
Assets/Scenes/Gameplay.unity,3173,45,serialized type,Preserves Unity type resolution and asset/scene serialization.,m_EditorClassIdentifier: Assembly-CSharp::PipeMuzzle.UI.ScreenManager
Assets/Scenes/Gameplay.unity,3189,45,serialized type,Preserves Unity type resolution and asset/scene serialization.,m_EditorClassIdentifier: Assembly-CSharp::PipeMuzzle.UI.StoryNavigationCoordinator
Assets/Scenes/Gameplay.unity,3538,45,serialized type,Preserves Unity type resolution and asset/scene serialization.,m_EditorClassIdentifier: Assembly-CSharp::PipeMuzzle.UI.FirstLevelTutorial
Assets/Scenes/Gameplay.unity,5657,45,serialized type,Preserves Unity type resolution and asset/scene serialization.,m_EditorClassIdentifier: Assembly-CSharp::PipeMuzzle.UI.ComicViewerUI
Assets/Scripts/Board/BoardBuilder.cs,2,7,code identity,"Preserves namespaces, classes and test/tool integration; invisible to players.",using PipeMuzzle.Data;
Assets/Scripts/Board/BoardBuilder.cs,4,11,code identity,"Preserves namespaces, classes and test/tool integration; invisible to players.",namespace PipeMuzzle.Board
Assets/Scripts/Board/BoardState.cs,1,7,code identity,"Preserves namespaces, classes and test/tool integration; invisible to players.",using PipeMuzzle.Data;
Assets/Scripts/Board/BoardState.cs,3,11,code identity,"Preserves namespaces, classes and test/tool integration; invisible to players.",namespace PipeMuzzle.Board
Assets/Scripts/Board/ConnectionChecker.cs,3,7,code identity,"Preserves namespaces, classes and test/tool integration; invisible to players.",using PipeMuzzle.Data;
Assets/Scripts/Board/ConnectionChecker.cs,5,11,code identity,"Preserves namespaces, classes and test/tool integration; invisible to players.",namespace PipeMuzzle.Board
Assets/Scripts/Board/TileState.cs,1,7,code identity,"Preserves namespaces, classes and test/tool integration; invisible to players.",using PipeMuzzle.Data;
Assets/Scripts/Board/TileState.cs,3,11,code identity,"Preserves namespaces, classes and test/tool integration; invisible to players.",namespace PipeMuzzle.Board
Assets/Scripts/Data/BambooLevels/Bamboo_Level_001.asset,14,45,serialized type,Preserves Unity type resolution and asset/scene serialization.,m_EditorClassIdentifier: Assembly-CSharp::PipeMuzzle.Data.LevelDefinition
Assets/Scripts/Data/BambooLevels/Bamboo_Level_002.asset,14,45,serialized type,Preserves Unity type resolution and asset/scene serialization.,m_EditorClassIdentifier: Assembly-CSharp::PipeMuzzle.Data.LevelDefinition
Assets/Scripts/Data/BambooLevels/Bamboo_Level_003.asset,14,45,serialized type,Preserves Unity type resolution and asset/scene serialization.,m_EditorClassIdentifier: Assembly-CSharp::PipeMuzzle.Data.LevelDefinition
Assets/Scripts/Data/BambooLevels/Bamboo_Level_004.asset,14,45,serialized type,Preserves Unity type resolution and asset/scene serialization.,m_EditorClassIdentifier: Assembly-CSharp::PipeMuzzle.Data.LevelDefinition
Assets/Scripts/Data/BambooLevels/Bamboo_Level_005.asset,14,45,serialized type,Preserves Unity type resolution and asset/scene serialization.,m_EditorClassIdentifier: Assembly-CSharp::PipeMuzzle.Data.LevelDefinition
Assets/Scripts/Data/BambooLevels/Bamboo_Level_006.asset,14,45,serialized type,Preserves Unity type resolution and asset/scene serialization.,m_EditorClassIdentifier: Assembly-CSharp::PipeMuzzle.Data.LevelDefinition
Assets/Scripts/Data/BambooLevels/Bamboo_Level_007.asset,14,45,serialized type,Preserves Unity type resolution and asset/scene serialization.,m_EditorClassIdentifier: Assembly-CSharp::PipeMuzzle.Data.LevelDefinition
Assets/Scripts/Data/BambooLevels/Bamboo_Level_008.asset,14,45,serialized type,Preserves Unity type resolution and asset/scene serialization.,m_EditorClassIdentifier: Assembly-CSharp::PipeMuzzle.Data.LevelDefinition
Assets/Scripts/Data/BambooLevels/Bamboo_Level_009.asset,14,45,serialized type,Preserves Unity type resolution and asset/scene serialization.,m_EditorClassIdentifier: Assembly-CSharp::PipeMuzzle.Data.LevelDefinition
Assets/Scripts/Data/BambooLevels/Bamboo_Level_010.asset,14,45,serialized type,Preserves Unity type resolution and asset/scene serialization.,m_EditorClassIdentifier: Assembly-CSharp::PipeMuzzle.Data.LevelDefinition
Assets/Scripts/Data/BambooLevels/Bamboo_Level_011.asset,14,45,serialized type,Preserves Unity type resolution and asset/scene serialization.,m_EditorClassIdentifier: Assembly-CSharp::PipeMuzzle.Data.LevelDefinition
Assets/Scripts/Data/BambooLevels/Bamboo_Level_012.asset,14,45,serialized type,Preserves Unity type resolution and asset/scene serialization.,m_EditorClassIdentifier: Assembly-CSharp::PipeMuzzle.Data.LevelDefinition
Assets/Scripts/Data/ComicStoryDefinition.cs,4,11,code identity,"Preserves namespaces, classes and test/tool integration; invisible to players.",namespace PipeMuzzle.Data
Assets/Scripts/Data/ConnectionMask.cs,3,11,code identity,"Preserves namespaces, classes and test/tool integration; invisible to players.",namespace PipeMuzzle.Data
Assets/Scripts/Data/ConnectionMaskExtensions.cs,1,11,code identity,"Preserves namespaces, classes and test/tool integration; invisible to players.",namespace PipeMuzzle.Data
Assets/Scripts/Data/Direction.cs,1,11,code identity,"Preserves namespaces, classes and test/tool integration; invisible to players.",namespace PipeMuzzle.Data
Assets/Scripts/Data/DirectionExtensions.cs,3,11,code identity,"Preserves namespaces, classes and test/tool integration; invisible to players.",namespace PipeMuzzle.Data
Assets/Scripts/Data/LevelDefinition.cs,4,11,code identity,"Preserves namespaces, classes and test/tool integration; invisible to players.",namespace PipeMuzzle.Data
Assets/Scripts/Data/LevelPathLayoutDefinition.cs,3,11,code identity,"Preserves namespaces, classes and test/tool integration; invisible to players.",namespace PipeMuzzle.Data
Assets/Scripts/Data/Level_001.asset,14,45,serialized type,Preserves Unity type resolution and asset/scene serialization.,m_EditorClassIdentifier: Assembly-CSharp::PipeMuzzle.Data.LevelDefinition
Assets/Scripts/Data/Level_002.asset,14,45,serialized type,Preserves Unity type resolution and asset/scene serialization.,m_EditorClassIdentifier: Assembly-CSharp::PipeMuzzle.Data.LevelDefinition
Assets/Scripts/Data/Level_003.asset,14,45,serialized type,Preserves Unity type resolution and asset/scene serialization.,m_EditorClassIdentifier: Assembly-CSharp::PipeMuzzle.Data.LevelDefinition
Assets/Scripts/Data/Level_004.asset,14,45,serialized type,Preserves Unity type resolution and asset/scene serialization.,m_EditorClassIdentifier: Assembly-CSharp::PipeMuzzle.Data.LevelDefinition
Assets/Scripts/Data/Level_005.asset,14,45,serialized type,Preserves Unity type resolution and asset/scene serialization.,m_EditorClassIdentifier: Assembly-CSharp::PipeMuzzle.Data.LevelDefinition
Assets/Scripts/Data/Level_006.asset,14,45,serialized type,Preserves Unity type resolution and asset/scene serialization.,m_EditorClassIdentifier: Assembly-CSharp::PipeMuzzle.Data.LevelDefinition
Assets/Scripts/Data/Level_007.asset,14,45,serialized type,Preserves Unity type resolution and asset/scene serialization.,m_EditorClassIdentifier: Assembly-CSharp::PipeMuzzle.Data.LevelDefinition
Assets/Scripts/Data/Level_008.asset,14,45,serialized type,Preserves Unity type resolution and asset/scene serialization.,m_EditorClassIdentifier: Assembly-CSharp::PipeMuzzle.Data.LevelDefinition
Assets/Scripts/Data/Level_009.asset,14,45,serialized type,Preserves Unity type resolution and asset/scene serialization.,m_EditorClassIdentifier: Assembly-CSharp::PipeMuzzle.Data.LevelDefinition
Assets/Scripts/Data/Level_010.asset,14,45,serialized type,Preserves Unity type resolution and asset/scene serialization.,m_EditorClassIdentifier: Assembly-CSharp::PipeMuzzle.Data.LevelDefinition
Assets/Scripts/Data/Level_011.asset,14,45,serialized type,Preserves Unity type resolution and asset/scene serialization.,m_EditorClassIdentifier: Assembly-CSharp::PipeMuzzle.Data.LevelDefinition
Assets/Scripts/Data/Level_012.asset,14,45,serialized type,Preserves Unity type resolution and asset/scene serialization.,m_EditorClassIdentifier: Assembly-CSharp::PipeMuzzle.Data.LevelDefinition
Assets/Scripts/Data/MoonLevels/Moon_Level_001.asset,14,45,serialized type,Preserves Unity type resolution and asset/scene serialization.,m_EditorClassIdentifier: Assembly-CSharp::PipeMuzzle.Data.LevelDefinition
Assets/Scripts/Data/MoonLevels/Moon_Level_002.asset,14,45,serialized type,Preserves Unity type resolution and asset/scene serialization.,m_EditorClassIdentifier: Assembly-CSharp::PipeMuzzle.Data.LevelDefinition
Assets/Scripts/Data/MoonLevels/Moon_Level_003.asset,14,45,serialized type,Preserves Unity type resolution and asset/scene serialization.,m_EditorClassIdentifier: Assembly-CSharp::PipeMuzzle.Data.LevelDefinition
Assets/Scripts/Data/MoonLevels/Moon_Level_004.asset,14,45,serialized type,Preserves Unity type resolution and asset/scene serialization.,m_EditorClassIdentifier: Assembly-CSharp::PipeMuzzle.Data.LevelDefinition
Assets/Scripts/Data/MoonLevels/Moon_Level_005.asset,14,45,serialized type,Preserves Unity type resolution and asset/scene serialization.,m_EditorClassIdentifier: Assembly-CSharp::PipeMuzzle.Data.LevelDefinition
Assets/Scripts/Data/MoonLevels/Moon_Level_006.asset,14,45,serialized type,Preserves Unity type resolution and asset/scene serialization.,m_EditorClassIdentifier: Assembly-CSharp::PipeMuzzle.Data.LevelDefinition
Assets/Scripts/Data/MoonLevels/Moon_Level_007.asset,14,45,serialized type,Preserves Unity type resolution and asset/scene serialization.,m_EditorClassIdentifier: Assembly-CSharp::PipeMuzzle.Data.LevelDefinition
Assets/Scripts/Data/MoonLevels/Moon_Level_008.asset,14,45,serialized type,Preserves Unity type resolution and asset/scene serialization.,m_EditorClassIdentifier: Assembly-CSharp::PipeMuzzle.Data.LevelDefinition
Assets/Scripts/Data/MoonLevels/Moon_Level_009.asset,14,45,serialized type,Preserves Unity type resolution and asset/scene serialization.,m_EditorClassIdentifier: Assembly-CSharp::PipeMuzzle.Data.LevelDefinition
Assets/Scripts/Data/MoonLevels/Moon_Level_010.asset,14,45,serialized type,Preserves Unity type resolution and asset/scene serialization.,m_EditorClassIdentifier: Assembly-CSharp::PipeMuzzle.Data.LevelDefinition
Assets/Scripts/Data/MoonLevels/Moon_Level_011.asset,14,45,serialized type,Preserves Unity type resolution and asset/scene serialization.,m_EditorClassIdentifier: Assembly-CSharp::PipeMuzzle.Data.LevelDefinition
Assets/Scripts/Data/MoonLevels/Moon_Level_012.asset,14,45,serialized type,Preserves Unity type resolution and asset/scene serialization.,m_EditorClassIdentifier: Assembly-CSharp::PipeMuzzle.Data.LevelDefinition
Assets/Scripts/Data/StoryCheckpoint.cs,4,11,code identity,"Preserves namespaces, classes and test/tool integration; invisible to players.",namespace PipeMuzzle.Data
Assets/Scripts/Data/TileDefinition.cs,4,11,code identity,"Preserves namespaces, classes and test/tool integration; invisible to players.",namespace PipeMuzzle.Data
Assets/Scripts/Data/TileRole.cs,1,11,code identity,"Preserves namespaces, classes and test/tool integration; invisible to players.",namespace PipeMuzzle.Data
Assets/Scripts/Data/TileShape.cs,1,11,code identity,"Preserves namespaces, classes and test/tool integration; invisible to players.",namespace PipeMuzzle.Data
Assets/Scripts/Data/TileShapeExtension.cs,1,11,code identity,"Preserves namespaces, classes and test/tool integration; invisible to players.",namespace PipeMuzzle.Data
Assets/Scripts/Data/WorldDefinition.cs,5,11,code identity,"Preserves namespaces, classes and test/tool integration; invisible to players.",namespace PipeMuzzle.Data
Assets/Scripts/Data/WorldGameplayTheme.cs,3,11,code identity,"Preserves namespaces, classes and test/tool integration; invisible to players.",namespace PipeMuzzle.Data
Assets/Scripts/Data/WorldIdPersistence.cs,3,11,code identity,"Preserves namespaces, classes and test/tool integration; invisible to players.",namespace PipeMuzzle.Data
Assets/Scripts/Data/WorldLevelSelectTheme.cs,4,11,code identity,"Preserves namespaces, classes and test/tool integration; invisible to players.",namespace PipeMuzzle.Data
Assets/Scripts/Feedback/FeedbackSettings.cs,3,11,save key,"Preserves existing PlayerPrefs keys, prefixes and compatibility assertions/documentation.",namespace PipeMuzzle.Feedback
Assets/Scripts/Feedback/FeedbackSettings.cs,8,42,save key,"Preserves existing PlayerPrefs keys, prefixes and compatibility assertions/documentation.","private const string SoundKey = ""PipeMuzzle.Feedback.SoundEnabled"";"
Assets/Scripts/Feedback/FeedbackSettings.cs,9,44,save key,"Preserves existing PlayerPrefs keys, prefixes and compatibility assertions/documentation.","private const string HapticsKey = ""PipeMuzzle.Feedback.HapticsEnabled"";"
Assets/Scripts/Feedback/GameFeedback.cs,3,11,save key,"Preserves existing PlayerPrefs keys, prefixes and compatibility assertions/documentation.",namespace PipeMuzzle.Feedback
Assets/Scripts/Feedback/ProceduralFeedbackClips.cs,3,11,save key,"Preserves existing PlayerPrefs keys, prefixes and compatibility assertions/documentation.",namespace PipeMuzzle.Feedback
Assets/Scripts/Gameplay/BasicRotationTutorialProgress.cs,3,11,code identity,"Preserves namespaces, classes and test/tool integration; invisible to players.",namespace PipeMuzzle.Gameplay
Assets/Scripts/Gameplay/BasicRotationTutorialProgress.cs,7,40,save key,"Preserves existing PlayerPrefs keys, prefixes and compatibility assertions/documentation.","public const string SeenKey = ""PipeMuzzle.Tutorial.BasicRotationSeen"";"
Assets/Scripts/Gameplay/BestMovesProgress.cs,2,7,code identity,"Preserves namespaces, classes and test/tool integration; invisible to players.",using PipeMuzzle.Data;
Assets/Scripts/Gameplay/BestMovesProgress.cs,5,11,code identity,"Preserves namespaces, classes and test/tool integration; invisible to players.",namespace PipeMuzzle.Gameplay
Assets/Scripts/Gameplay/BestMovesProgress.cs,38,15,save key,"Preserves existing PlayerPrefs keys, prefixes and compatibility assertions/documentation.","$""PipeMuzzle.BestMoves.World.{WorldIdPersistence.Segment(world)}.Level.{level}"";"
Assets/Scripts/Gameplay/BoardLogicTester.cs,1,7,code identity,"Preserves namespaces, classes and test/tool integration; invisible to players.",using PipeMuzzle.Board;
Assets/Scripts/Gameplay/BoardLogicTester.cs,2,7,code identity,"Preserves namespaces, classes and test/tool integration; invisible to players.",using PipeMuzzle.Data;
Assets/Scripts/Gameplay/BoardLogicTester.cs,3,7,code identity,"Preserves namespaces, classes and test/tool integration; invisible to players.",using PipeMuzzle.View;
Assets/Scripts/Gameplay/BoardLogicTester.cs,6,11,code identity,"Preserves namespaces, classes and test/tool integration; invisible to players.",namespace PipeMuzzle.Gameplay
Assets/Scripts/Gameplay/GameController.cs,4,7,code identity,"Preserves namespaces, classes and test/tool integration; invisible to players.",using PipeMuzzle.Board;
Assets/Scripts/Gameplay/GameController.cs,5,7,code identity,"Preserves namespaces, classes and test/tool integration; invisible to players.",using PipeMuzzle.Data;
Assets/Scripts/Gameplay/GameController.cs,6,7,save key,"Preserves existing PlayerPrefs keys, prefixes and compatibility assertions/documentation.",using PipeMuzzle.Feedback;
Assets/Scripts/Gameplay/GameController.cs,7,7,code identity,"Preserves namespaces, classes and test/tool integration; invisible to players.",using PipeMuzzle.View;
Assets/Scripts/Gameplay/GameController.cs,11,11,code identity,"Preserves namespaces, classes and test/tool integration; invisible to players.",namespace PipeMuzzle.Gameplay
Assets/Scripts/Gameplay/HintSelector.cs,1,7,code identity,"Preserves namespaces, classes and test/tool integration; invisible to players.",using PipeMuzzle.Board;
Assets/Scripts/Gameplay/HintSelector.cs,2,7,code identity,"Preserves namespaces, classes and test/tool integration; invisible to players.",using PipeMuzzle.Data;
Assets/Scripts/Gameplay/HintSelector.cs,4,11,code identity,"Preserves namespaces, classes and test/tool integration; invisible to players.",namespace PipeMuzzle.Gameplay
Assets/Scripts/Gameplay/ProgressResetService.cs,1,7,code identity,"Preserves namespaces, classes and test/tool integration; invisible to players.",using PipeMuzzle.Data;
Assets/Scripts/Gameplay/ProgressResetService.cs,3,11,code identity,"Preserves namespaces, classes and test/tool integration; invisible to players.",namespace PipeMuzzle.Gameplay
Assets/Scripts/Gameplay/ProgressService.cs,2,7,code identity,"Preserves namespaces, classes and test/tool integration; invisible to players.",using PipeMuzzle.Data;
Assets/Scripts/Gameplay/ProgressService.cs,5,11,code identity,"Preserves namespaces, classes and test/tool integration; invisible to players.",namespace PipeMuzzle.Gameplay
Assets/Scripts/Gameplay/ProgressService.cs,10,14,save key,"Preserves existing PlayerPrefs keys, prefixes and compatibility assertions/documentation.","""PipeMuzzle.HighestUnlockedLevel"";"
Assets/Scripts/Gameplay/ProgressService.cs,12,14,save key,"Preserves existing PlayerPrefs keys, prefixes and compatibility assertions/documentation.","""PipeMuzzle.Progress.Migration.LegacyHighestUnlockedLevelToSakura.V1"";"
Assets/Scripts/Gameplay/ProgressService.cs,24,29,save key,"Preserves existing PlayerPrefs keys, prefixes and compatibility assertions/documentation.","progressKey = $""PipeMuzzle.Progress.World.{WorldIdPersistence.Segment(worldId)}.HighestUnlockedLevel"";"
Assets/Scripts/Gameplay/ProgressService.cs,63,37,save key,"Preserves existing PlayerPrefs keys, prefixes and compatibility assertions/documentation.","PlayerPrefs.DeleteKey($""PipeMuzzle.Progress.World.{WorldIdPersistence.Segment(worldId)}.HighestUnlockedLevel"");"
Assets/Scripts/Gameplay/StoryCheckpointProgress.cs,1,7,code identity,"Preserves namespaces, classes and test/tool integration; invisible to players.",using PipeMuzzle.Data;
Assets/Scripts/Gameplay/StoryCheckpointProgress.cs,4,11,code identity,"Preserves namespaces, classes and test/tool integration; invisible to players.",namespace PipeMuzzle.Gameplay
Assets/Scripts/Gameplay/StoryCheckpointProgress.cs,51,15,save key,"Preserves existing PlayerPrefs keys, prefixes and compatibility assertions/documentation.","$""PipeMuzzle.Story.World.{WorldIdPersistence.Segment(world)}.Checkpoint.{completedLevelNumber}.Viewed"";"
Assets/Scripts/Gameplay/WorldProgressService.cs,1,7,code identity,"Preserves namespaces, classes and test/tool integration; invisible to players.",using PipeMuzzle.Data;
Assets/Scripts/Gameplay/WorldProgressService.cs,4,11,code identity,"Preserves namespaces, classes and test/tool integration; invisible to players.",namespace PipeMuzzle.Gameplay
Assets/Scripts/Gameplay/WorldProgressService.cs,72,22,save key,"Preserves existing PlayerPrefs keys, prefixes and compatibility assertions/documentation.","return $""PipeMuzzle.Progress.World.{WorldIdPersistence.Segment(worldId)}.{suffix}"";"
Assets/Scripts/UI/ComicBackdropGraphic.cs,4,11,code identity,"Preserves namespaces, classes and test/tool integration; invisible to players.",namespace PipeMuzzle.UI
Assets/Scripts/UI/ComicViewerUI.cs,3,7,code identity,"Preserves namespaces, classes and test/tool integration; invisible to players.",using PipeMuzzle.Data;
Assets/Scripts/UI/ComicViewerUI.cs,8,11,code identity,"Preserves namespaces, classes and test/tool integration; invisible to players.",namespace PipeMuzzle.UI
Assets/Scripts/UI/FirstLevelTutorial.cs,2,7,code identity,"Preserves namespaces, classes and test/tool integration; invisible to players.",using PipeMuzzle.Data;
Assets/Scripts/UI/FirstLevelTutorial.cs,3,7,code identity,"Preserves namespaces, classes and test/tool integration; invisible to players.",using PipeMuzzle.Gameplay;
Assets/Scripts/UI/FirstLevelTutorial.cs,4,7,code identity,"Preserves namespaces, classes and test/tool integration; invisible to players.",using PipeMuzzle.View;
Assets/Scripts/UI/FirstLevelTutorial.cs,9,11,code identity,"Preserves namespaces, classes and test/tool integration; invisible to players.",namespace PipeMuzzle.UI
Assets/Scripts/UI/GameUI.cs,1,7,code identity,"Preserves namespaces, classes and test/tool integration; invisible to players.",using PipeMuzzle.Data;
Assets/Scripts/UI/GameUI.cs,2,7,code identity,"Preserves namespaces, classes and test/tool integration; invisible to players.",using PipeMuzzle.Gameplay;
Assets/Scripts/UI/GameUI.cs,7,11,code identity,"Preserves namespaces, classes and test/tool integration; invisible to players.",namespace PipeMuzzle.UI
Assets/Scripts/UI/GameplayHintUI.cs,1,7,code identity,"Preserves namespaces, classes and test/tool integration; invisible to players.",using PipeMuzzle.Gameplay;
Assets/Scripts/UI/GameplayHintUI.cs,6,11,code identity,"Preserves namespaces, classes and test/tool integration; invisible to players.",namespace PipeMuzzle.UI
Assets/Scripts/UI/GameplayPauseUI.cs,2,7,code identity,"Preserves namespaces, classes and test/tool integration; invisible to players.",using PipeMuzzle.Data;
Assets/Scripts/UI/GameplayPauseUI.cs,3,7,code identity,"Preserves namespaces, classes and test/tool integration; invisible to players.",using PipeMuzzle.Gameplay;
Assets/Scripts/UI/GameplayPauseUI.cs,12,11,code identity,"Preserves namespaces, classes and test/tool integration; invisible to players.",namespace PipeMuzzle.UI
Assets/Scripts/UI/JourneyCompleteUI.cs,1,7,code identity,"Preserves namespaces, classes and test/tool integration; invisible to players.",using PipeMuzzle.Data;
Assets/Scripts/UI/JourneyCompleteUI.cs,2,7,code identity,"Preserves namespaces, classes and test/tool integration; invisible to players.",using PipeMuzzle.Gameplay;
Assets/Scripts/UI/JourneyCompleteUI.cs,7,11,code identity,"Preserves namespaces, classes and test/tool integration; invisible to players.",namespace PipeMuzzle.UI
Assets/Scripts/UI/LevelJourneyPaint.cs,3,11,code identity,"Preserves namespaces, classes and test/tool integration; invisible to players.",namespace PipeMuzzle.UI
Assets/Scripts/UI/LevelSelectJourneyView.cs,2,7,code identity,"Preserves namespaces, classes and test/tool integration; invisible to players.",using PipeMuzzle.Data;
Assets/Scripts/UI/LevelSelectJourneyView.cs,3,7,code identity,"Preserves namespaces, classes and test/tool integration; invisible to players.",using PipeMuzzle.Gameplay;
Assets/Scripts/UI/LevelSelectJourneyView.cs,8,11,code identity,"Preserves namespaces, classes and test/tool integration; invisible to players.",namespace PipeMuzzle.UI
Assets/Scripts/UI/LevelSelectNodeFeedback.cs,5,11,code identity,"Preserves namespaces, classes and test/tool integration; invisible to players.",namespace PipeMuzzle.UI
Assets/Scripts/UI/LevelSelectUI.cs,2,7,code identity,"Preserves namespaces, classes and test/tool integration; invisible to players.",using PipeMuzzle.Data;
Assets/Scripts/UI/LevelSelectUI.cs,3,7,code identity,"Preserves namespaces, classes and test/tool integration; invisible to players.",using PipeMuzzle.Gameplay;
Assets/Scripts/UI/LevelSelectUI.cs,9,11,code identity,"Preserves namespaces, classes and test/tool integration; invisible to players.",namespace PipeMuzzle.UI
Assets/Scripts/UI/SafeAreaPanel.cs,3,11,code identity,"Preserves namespaces, classes and test/tool integration; invisible to players.",namespace PipeMuzzle.UI
Assets/Scripts/UI/ScreenManager.cs,1,7,code identity,"Preserves namespaces, classes and test/tool integration; invisible to players.",using PipeMuzzle.Data;
Assets/Scripts/UI/ScreenManager.cs,2,7,code identity,"Preserves namespaces, classes and test/tool integration; invisible to players.",using PipeMuzzle.Gameplay;
Assets/Scripts/UI/ScreenManager.cs,5,11,code identity,"Preserves namespaces, classes and test/tool integration; invisible to players.",namespace PipeMuzzle.UI
Assets/Scripts/UI/SettingsUI.cs,2,7,save key,"Preserves existing PlayerPrefs keys, prefixes and compatibility assertions/documentation.",using PipeMuzzle.Feedback;
Assets/Scripts/UI/SettingsUI.cs,3,7,code identity,"Preserves namespaces, classes and test/tool integration; invisible to players.",using PipeMuzzle.Gameplay;
Assets/Scripts/UI/SettingsUI.cs,9,11,code identity,"Preserves namespaces, classes and test/tool integration; invisible to players.",namespace PipeMuzzle.UI
Assets/Scripts/UI/SoftBlossomUITheme.cs,7,11,code identity,"Preserves namespaces, classes and test/tool integration; invisible to players.",namespace PipeMuzzle.UI
Assets/Scripts/UI/StoryNavigationCoordinator.cs,1,7,code identity,"Preserves namespaces, classes and test/tool integration; invisible to players.",using PipeMuzzle.Data;
Assets/Scripts/UI/StoryNavigationCoordinator.cs,2,7,code identity,"Preserves namespaces, classes and test/tool integration; invisible to players.",using PipeMuzzle.Gameplay;
Assets/Scripts/UI/StoryNavigationCoordinator.cs,6,11,code identity,"Preserves namespaces, classes and test/tool integration; invisible to players.",namespace PipeMuzzle.UI
Assets/Scripts/UI/WorldMapBackgroundDecor.cs,4,11,code identity,"Preserves namespaces, classes and test/tool integration; invisible to players.",namespace PipeMuzzle.UI
Assets/Scripts/UI/WorldMapDestinationButton.cs,4,11,code identity,"Preserves namespaces, classes and test/tool integration; invisible to players.",namespace PipeMuzzle.UI
Assets/Scripts/UI/WorldMapPetalAmbient.cs,4,11,code identity,"Preserves namespaces, classes and test/tool integration; invisible to players.",namespace PipeMuzzle.UI
Assets/Scripts/UI/WorldMapUI.cs,4,7,code identity,"Preserves namespaces, classes and test/tool integration; invisible to players.",using PipeMuzzle.Data;
Assets/Scripts/UI/WorldMapUI.cs,5,7,code identity,"Preserves namespaces, classes and test/tool integration; invisible to players.",using PipeMuzzle.Gameplay;
Assets/Scripts/UI/WorldMapUI.cs,10,11,code identity,"Preserves namespaces, classes and test/tool integration; invisible to players.",namespace PipeMuzzle.UI
Assets/Scripts/UI/WorldPresentationController.cs,1,7,code identity,"Preserves namespaces, classes and test/tool integration; invisible to players.",using PipeMuzzle.Data;
Assets/Scripts/UI/WorldPresentationController.cs,2,7,code identity,"Preserves namespaces, classes and test/tool integration; invisible to players.",using PipeMuzzle.View;
Assets/Scripts/UI/WorldPresentationController.cs,5,11,code identity,"Preserves namespaces, classes and test/tool integration; invisible to players.",namespace PipeMuzzle.UI
Assets/Scripts/View/BoardCameraFitter.cs,3,11,code identity,"Preserves namespaces, classes and test/tool integration; invisible to players.",namespace PipeMuzzle.View
Assets/Scripts/View/BoardView.cs,3,7,code identity,"Preserves namespaces, classes and test/tool integration; invisible to players.",using PipeMuzzle.Board;
Assets/Scripts/View/BoardView.cs,4,7,code identity,"Preserves namespaces, classes and test/tool integration; invisible to players.",using PipeMuzzle.Data;
Assets/Scripts/View/BoardView.cs,8,11,code identity,"Preserves namespaces, classes and test/tool integration; invisible to players.",namespace PipeMuzzle.View
Assets/Scripts/View/EndpointConnectorView.cs,4,11,code identity,"Preserves namespaces, classes and test/tool integration; invisible to players.",namespace PipeMuzzle.View
Assets/Scripts/View/EnergyFlowView.cs,3,7,code identity,"Preserves namespaces, classes and test/tool integration; invisible to players.",using PipeMuzzle.Data;
Assets/Scripts/View/EnergyFlowView.cs,4,7,save key,"Preserves existing PlayerPrefs keys, prefixes and compatibility assertions/documentation.",using PipeMuzzle.Feedback;
Assets/Scripts/View/EnergyFlowView.cs,7,11,code identity,"Preserves namespaces, classes and test/tool integration; invisible to players.",namespace PipeMuzzle.View
Assets/Scripts/View/PipeHintFeedback.cs,3,11,code identity,"Preserves namespaces, classes and test/tool integration; invisible to players.",namespace PipeMuzzle.View
Assets/Scripts/View/TileView.cs,3,7,code identity,"Preserves namespaces, classes and test/tool integration; invisible to players.",using PipeMuzzle.Board;
Assets/Scripts/View/TileView.cs,4,7,code identity,"Preserves namespaces, classes and test/tool integration; invisible to players.",using PipeMuzzle.Data;
Assets/Scripts/View/TileView.cs,8,11,code identity,"Preserves namespaces, classes and test/tool integration; invisible to players.",namespace PipeMuzzle.View
Assets/Tests/EditMode/Editor/BambooLevelDefinitionTests.cs,1,11,code identity,"Preserves namespaces, classes and test/tool integration; invisible to players.",namespace PipeMuzzle.Tests.EditMode
Assets/Tests/EditMode/Editor/ComicStoryDefinitionTests.cs,4,7,code identity,"Preserves namespaces, classes and test/tool integration; invisible to players.",using PipeMuzzle.Data;
Assets/Tests/EditMode/Editor/ComicStoryDefinitionTests.cs,5,7,code identity,"Preserves namespaces, classes and test/tool integration; invisible to players.",using PipeMuzzle.UI;
Assets/Tests/EditMode/Editor/ComicStoryDefinitionTests.cs,11,11,code identity,"Preserves namespaces, classes and test/tool integration; invisible to players.",namespace PipeMuzzle.Tests.EditMode
Assets/Tests/EditMode/Editor/ComicStoryDefinitionTests.cs,15,42,save key,"Preserves existing PlayerPrefs keys, prefixes and compatibility assertions/documentation.","private const string IntroKey = ""PipeMuzzle.Story.World.SakuraGarden.Checkpoint.0.Viewed"";"
Assets/Tests/EditMode/Editor/ComicViewerPresentationTests.cs,3,7,code identity,"Preserves namespaces, classes and test/tool integration; invisible to players.",using PipeMuzzle.Data;
Assets/Tests/EditMode/Editor/ComicViewerPresentationTests.cs,4,7,code identity,"Preserves namespaces, classes and test/tool integration; invisible to players.",using PipeMuzzle.UI;
Assets/Tests/EditMode/Editor/ComicViewerPresentationTests.cs,10,11,code identity,"Preserves namespaces, classes and test/tool integration; invisible to players.",namespace PipeMuzzle.Tests.EditMode
Assets/Tests/EditMode/Editor/EndpointVisualTests.cs,6,7,code identity,"Preserves namespaces, classes and test/tool integration; invisible to players.",using PipeMuzzle.Board;
Assets/Tests/EditMode/Editor/EndpointVisualTests.cs,7,7,code identity,"Preserves namespaces, classes and test/tool integration; invisible to players.",using PipeMuzzle.Data;
Assets/Tests/EditMode/Editor/EndpointVisualTests.cs,8,7,code identity,"Preserves namespaces, classes and test/tool integration; invisible to players.",using PipeMuzzle.View;
Assets/Tests/EditMode/Editor/EndpointVisualTests.cs,12,11,code identity,"Preserves namespaces, classes and test/tool integration; invisible to players.",namespace PipeMuzzle.Tests.EditMode
Assets/Tests/EditMode/Editor/FeedbackAndroidManifestTests.cs,3,7,code identity,"Preserves namespaces, classes and test/tool integration; invisible to players.",using PipeMuzzle.Editor;
Assets/Tests/EditMode/Editor/FeedbackAndroidManifestTests.cs,5,11,code identity,"Preserves namespaces, classes and test/tool integration; invisible to players.",namespace PipeMuzzle.Tests.EditMode
Assets/Tests/EditMode/Editor/FeedbackAndroidManifestTests.cs,15,112,test fixture,Synthetic test manifest label only; not an application manifest or shipping player label.,"+ $""<uses-permission {prefix}:name='android.permission.INTERNET'/><application {prefix}:label='PipeMuzzle'/>"""
Assets/Tests/EditMode/Editor/FirstLevelTutorialTests.cs,6,7,code identity,"Preserves namespaces, classes and test/tool integration; invisible to players.",using PipeMuzzle.Data;
Assets/Tests/EditMode/Editor/FirstLevelTutorialTests.cs,7,7,code identity,"Preserves namespaces, classes and test/tool integration; invisible to players.",using PipeMuzzle.Gameplay;
Assets/Tests/EditMode/Editor/FirstLevelTutorialTests.cs,8,7,code identity,"Preserves namespaces, classes and test/tool integration; invisible to players.",using PipeMuzzle.View;
Assets/Tests/EditMode/Editor/FirstLevelTutorialTests.cs,15,11,code identity,"Preserves namespaces, classes and test/tool integration; invisible to players.",namespace PipeMuzzle.Tests.EditMode
Assets/Tests/EditMode/Editor/FirstLevelTutorialTests.cs,19,41,save key,"Preserves existing PlayerPrefs keys, prefixes and compatibility assertions/documentation.","private const string SeenKey = ""PipeMuzzle.Tutorial.BasicRotationSeen"";"
Assets/Tests/EditMode/Editor/FirstLevelTutorialTests.cs,30,66,code identity,Existing fully qualified type names preserve reflection and test integration.,"Type type = typeof(GameController).Assembly.GetType(""PipeMuzzle.UI.FirstLevelTutorial"");"
Assets/Tests/EditMode/Editor/FirstLevelTutorialTests.cs,33,27,save key,"Preserves existing PlayerPrefs keys, prefixes and compatibility assertions/documentation.","SaveAndClear(""PipeMuzzle.HighestUnlockedLevel"");"
Assets/Tests/EditMode/Editor/FirstLevelTutorialTests.cs,34,27,save key,"Preserves existing PlayerPrefs keys, prefixes and compatibility assertions/documentation.","SaveAndClear(""PipeMuzzle.Progress.Migration.LegacyHighestUnlockedLevelToSakura.V1"");"
Assets/Tests/EditMode/Editor/FirstLevelTutorialTests.cs,38,36,save key,"Preserves existing PlayerPrefs keys, prefixes and compatibility assertions/documentation.","SaveAndClear($""PipeMuzzle.Progress.World.{world}.{suffix}"");"
Assets/Tests/EditMode/Editor/FirstLevelTutorialTests.cs,40,36,save key,"Preserves existing PlayerPrefs keys, prefixes and compatibility assertions/documentation.","SaveAndClear($""PipeMuzzle.Story.World.{world}.Checkpoint.{n}.Viewed"");"
Assets/Tests/EditMode/Editor/FirstLevelTutorialTests.cs,204,41,code identity,"Preserves namespaces, classes and test/tool integration; invisible to players.",".Select(a => a.GetType(""PipeMuzzle.Editor.PipeMuzzleTutorialDebugMenu"")).First(t => t != null);"
Assets/Tests/EditMode/Editor/FirstLevelTutorialTests.cs,204,59,code identity,"Preserves namespaces, classes and test/tool integration; invisible to players.",".Select(a => a.GetType(""PipeMuzzle.Editor.PipeMuzzleTutorialDebugMenu"")).First(t => t != null);"
Assets/Tests/EditMode/Editor/FirstLevelTutorialTests.cs,222,34,save key,"Preserves existing PlayerPrefs keys, prefixes and compatibility assertions/documentation.","PlayerPrefs.SetInt($""PipeMuzzle.Progress.World.{name}.Unlocked"", 1);"
Assets/Tests/EditMode/Editor/GameControllerWorldTests.cs,6,7,code identity,"Preserves namespaces, classes and test/tool integration; invisible to players.",using PipeMuzzle.Data;
Assets/Tests/EditMode/Editor/GameControllerWorldTests.cs,7,7,code identity,"Preserves namespaces, classes and test/tool integration; invisible to players.",using PipeMuzzle.Board;
Assets/Tests/EditMode/Editor/GameControllerWorldTests.cs,8,7,code identity,"Preserves namespaces, classes and test/tool integration; invisible to players.",using PipeMuzzle.Gameplay;
Assets/Tests/EditMode/Editor/GameControllerWorldTests.cs,9,7,code identity,"Preserves namespaces, classes and test/tool integration; invisible to players.",using PipeMuzzle.View;
Assets/Tests/EditMode/Editor/GameControllerWorldTests.cs,14,11,code identity,"Preserves namespaces, classes and test/tool integration; invisible to players.",namespace PipeMuzzle.Tests.EditMode
Assets/Tests/EditMode/Editor/GameControllerWorldTests.cs,20,14,save key,"Preserves existing PlayerPrefs keys, prefixes and compatibility assertions/documentation.","""PipeMuzzle.HighestUnlockedLevel"","
Assets/Tests/EditMode/Editor/GameControllerWorldTests.cs,21,14,save key,"Preserves existing PlayerPrefs keys, prefixes and compatibility assertions/documentation.","""PipeMuzzle.Progress.Migration.LegacyHighestUnlockedLevelToSakura.V1"","
Assets/Tests/EditMode/Editor/GameControllerWorldTests.cs,22,14,save key,"Preserves existing PlayerPrefs keys, prefixes and compatibility assertions/documentation.","""PipeMuzzle.Progress.World.SakuraGarden.HighestUnlockedLevel"","
Assets/Tests/EditMode/Editor/GameControllerWorldTests.cs,23,14,save key,"Preserves existing PlayerPrefs keys, prefixes and compatibility assertions/documentation.","""PipeMuzzle.Progress.World.BambooWorkshop.HighestUnlockedLevel"","
Assets/Tests/EditMode/Editor/GameControllerWorldTests.cs,24,14,save key,"Preserves existing PlayerPrefs keys, prefixes and compatibility assertions/documentation.","""PipeMuzzle.Progress.World.MoonShrine.HighestUnlockedLevel"","
Assets/Tests/EditMode/Editor/GameControllerWorldTests.cs,25,14,save key,"Preserves existing PlayerPrefs keys, prefixes and compatibility assertions/documentation.","""PipeMuzzle.Progress.World.SakuraGarden.Unlocked"","
Assets/Tests/EditMode/Editor/GameControllerWorldTests.cs,26,14,save key,"Preserves existing PlayerPrefs keys, prefixes and compatibility assertions/documentation.","""PipeMuzzle.Progress.World.BambooWorkshop.Unlocked"","
Assets/Tests/EditMode/Editor/GameControllerWorldTests.cs,27,14,save key,"Preserves existing PlayerPrefs keys, prefixes and compatibility assertions/documentation.","""PipeMuzzle.Progress.World.MoonShrine.Unlocked"","
Assets/Tests/EditMode/Editor/GameControllerWorldTests.cs,28,14,save key,"Preserves existing PlayerPrefs keys, prefixes and compatibility assertions/documentation.","""PipeMuzzle.Progress.World.SakuraGarden.Completed"","
Assets/Tests/EditMode/Editor/GameControllerWorldTests.cs,29,14,save key,"Preserves existing PlayerPrefs keys, prefixes and compatibility assertions/documentation.","""PipeMuzzle.Progress.World.BambooWorkshop.Completed"","
Assets/Tests/EditMode/Editor/GameControllerWorldTests.cs,30,14,save key,"Preserves existing PlayerPrefs keys, prefixes and compatibility assertions/documentation.","""PipeMuzzle.Progress.World.MoonShrine.Completed"""
Assets/Tests/EditMode/Editor/GameControllerWorldTests.cs,42,32,save key,"Preserves existing PlayerPrefs keys, prefixes and compatibility assertions/documentation.","string key = $""PipeMuzzle.BestMoves.World.{world}.Level.{level}"";"
Assets/Tests/EditMode/Editor/GameControllerWorldTests.cs,334,52,code identity,Existing fully qualified type names preserve reflection and test integration.,var hintUI = buttonObject.AddComponent<PipeMuzzle.UI.GameplayHintUI>();
Assets/Tests/EditMode/Editor/GameFeedbackTests.cs,4,7,save key,"Preserves existing PlayerPrefs keys, prefixes and compatibility assertions/documentation.",using PipeMuzzle.Feedback;
Assets/Tests/EditMode/Editor/GameFeedbackTests.cs,7,11,code identity,"Preserves namespaces, classes and test/tool integration; invisible to players.",namespace PipeMuzzle.Tests.EditMode
Assets/Tests/EditMode/Editor/GameFeedbackTests.cs,11,42,save key,"Preserves existing PlayerPrefs keys, prefixes and compatibility assertions/documentation.","private const string SoundKey = ""PipeMuzzle.Feedback.SoundEnabled"";"
Assets/Tests/EditMode/Editor/GameFeedbackTests.cs,12,44,save key,"Preserves existing PlayerPrefs keys, prefixes and compatibility assertions/documentation.","private const string HapticsKey = ""PipeMuzzle.Feedback.HapticsEnabled"";"
Assets/Tests/EditMode/Editor/GameplayPauseTests.cs,6,7,code identity,"Preserves namespaces, classes and test/tool integration; invisible to players.",using PipeMuzzle.Board;
Assets/Tests/EditMode/Editor/GameplayPauseTests.cs,7,7,code identity,"Preserves namespaces, classes and test/tool integration; invisible to players.",using PipeMuzzle.Data;
Assets/Tests/EditMode/Editor/GameplayPauseTests.cs,8,7,code identity,"Preserves namespaces, classes and test/tool integration; invisible to players.",using PipeMuzzle.Gameplay;
Assets/Tests/EditMode/Editor/GameplayPauseTests.cs,9,7,code identity,"Preserves namespaces, classes and test/tool integration; invisible to players.",using PipeMuzzle.UI;
Assets/Tests/EditMode/Editor/GameplayPauseTests.cs,10,7,code identity,"Preserves namespaces, classes and test/tool integration; invisible to players.",using PipeMuzzle.View;
Assets/Tests/EditMode/Editor/GameplayPauseTests.cs,17,11,code identity,"Preserves namespaces, classes and test/tool integration; invisible to players.",namespace PipeMuzzle.Tests.EditMode
Assets/Tests/EditMode/Editor/GameplayPauseTests.cs,30,45,save key,"Preserves existing PlayerPrefs keys, prefixes and compatibility assertions/documentation.","foreach (string key in new[] { ""PipeMuzzle.BestMoves.World.SakuraGarden.Level.1"","
Assets/Tests/EditMode/Editor/GameplayPauseTests.cs,31,18,save key,"Preserves existing PlayerPrefs keys, prefixes and compatibility assertions/documentation.","""PipeMuzzle.Progress.World.SakuraGarden.HighestUnlockedLevel"","
Assets/Tests/EditMode/Editor/GameplayPauseTests.cs,32,18,save key,"Preserves existing PlayerPrefs keys, prefixes and compatibility assertions/documentation.","""PipeMuzzle.HighestUnlockedLevel"","
Assets/Tests/EditMode/Editor/GameplayPauseTests.cs,33,18,save key,"Preserves existing PlayerPrefs keys, prefixes and compatibility assertions/documentation.","""PipeMuzzle.Progress.Migration.LegacyHighestUnlockedLevelToSakura.V1"" })"
Assets/Tests/EditMode/Editor/GameplayPauseTests.cs,297,58,code identity,Existing fully qualified type names preserve reflection and test integration.,"Type type = typeof(GameUI).Assembly.GetType(""PipeMuzzle.UI.GameplayPauseUI"");"
Assets/Tests/EditMode/Editor/GameplayPresentationTests.cs,5,7,code identity,"Preserves namespaces, classes and test/tool integration; invisible to players.",using PipeMuzzle.Data;
Assets/Tests/EditMode/Editor/GameplayPresentationTests.cs,6,7,code identity,"Preserves namespaces, classes and test/tool integration; invisible to players.",using PipeMuzzle.Gameplay;
Assets/Tests/EditMode/Editor/GameplayPresentationTests.cs,7,7,code identity,"Preserves namespaces, classes and test/tool integration; invisible to players.",using PipeMuzzle.UI;
Assets/Tests/EditMode/Editor/GameplayPresentationTests.cs,8,7,code identity,"Preserves namespaces, classes and test/tool integration; invisible to players.",using PipeMuzzle.View;
Assets/Tests/EditMode/Editor/GameplayPresentationTests.cs,14,11,code identity,"Preserves namespaces, classes and test/tool integration; invisible to players.",namespace PipeMuzzle.Tests.EditMode
Assets/Tests/EditMode/Editor/GameplayPresentationTests.cs,20,14,save key,"Preserves existing PlayerPrefs keys, prefixes and compatibility assertions/documentation.","""PipeMuzzle.BestMoves.World.SakuraGarden.Level.1"","
Assets/Tests/EditMode/Editor/GameplayPresentationTests.cs,21,14,save key,"Preserves existing PlayerPrefs keys, prefixes and compatibility assertions/documentation.","""PipeMuzzle.HighestUnlockedLevel"","
Assets/Tests/EditMode/Editor/GameplayPresentationTests.cs,22,14,save key,"Preserves existing PlayerPrefs keys, prefixes and compatibility assertions/documentation.","""PipeMuzzle.Progress.Migration.LegacyHighestUnlockedLevelToSakura.V1"","
Assets/Tests/EditMode/Editor/GameplayPresentationTests.cs,23,14,save key,"Preserves existing PlayerPrefs keys, prefixes and compatibility assertions/documentation.","""PipeMuzzle.Progress.World.SakuraGarden.HighestUnlockedLevel"","
Assets/Tests/EditMode/Editor/GameplayPresentationTests.cs,24,14,save key,"Preserves existing PlayerPrefs keys, prefixes and compatibility assertions/documentation.","""PipeMuzzle.Progress.World.SakuraGarden.Unlocked"","
Assets/Tests/EditMode/Editor/GameplayPresentationTests.cs,25,14,save key,"Preserves existing PlayerPrefs keys, prefixes and compatibility assertions/documentation.","""PipeMuzzle.Progress.World.SakuraGarden.Completed"","
Assets/Tests/EditMode/Editor/GameplayPresentationTests.cs,26,14,save key,"Preserves existing PlayerPrefs keys, prefixes and compatibility assertions/documentation.","""PipeMuzzle.Progress.World.BambooWorkshop.Unlocked"","
Assets/Tests/EditMode/Editor/GameplayPresentationTests.cs,27,14,save key,"Preserves existing PlayerPrefs keys, prefixes and compatibility assertions/documentation.","""PipeMuzzle.Progress.World.MoonShrine.Unlocked"""
Assets/Tests/EditMode/Editor/GameplayPresentationTests.cs,309,26,code identity,Existing fully qualified type names preserve reflection and test integration.,var board = (PipeMuzzle.Board.BoardState)typeof(GameController)
Assets/Tests/EditMode/Editor/HintAndBestMovesTests.cs,6,7,code identity,"Preserves namespaces, classes and test/tool integration; invisible to players.",using PipeMuzzle.Board;
Assets/Tests/EditMode/Editor/HintAndBestMovesTests.cs,7,7,code identity,"Preserves namespaces, classes and test/tool integration; invisible to players.",using PipeMuzzle.Data;
Assets/Tests/EditMode/Editor/HintAndBestMovesTests.cs,8,7,code identity,"Preserves namespaces, classes and test/tool integration; invisible to players.",using PipeMuzzle.Editor;
Assets/Tests/EditMode/Editor/HintAndBestMovesTests.cs,9,7,code identity,"Preserves namespaces, classes and test/tool integration; invisible to players.",using PipeMuzzle.Gameplay;
Assets/Tests/EditMode/Editor/HintAndBestMovesTests.cs,13,11,code identity,"Preserves namespaces, classes and test/tool integration; invisible to players.",namespace PipeMuzzle.Tests.EditMode
Assets/Tests/EditMode/Editor/HintAndBestMovesTests.cs,18,74,code identity,Existing fully qualified type names preserve reflection and test integration.,"private Type Records => typeof(GameController).Assembly.GetType(""PipeMuzzle.Gameplay.BestMovesProgress"");"
Assets/Tests/EditMode/Editor/HintAndBestMovesTests.cs,25,19,save key,"Preserves existing PlayerPrefs keys, prefixes and compatibility assertions/documentation.","Save(""PipeMuzzle.Feedback.SoundEnabled"");"
Assets/Tests/EditMode/Editor/HintAndBestMovesTests.cs,44,66,save key,"Preserves existing PlayerPrefs keys, prefixes and compatibility assertions/documentation.","private static string Key(WorldId world, int level) => $""PipeMuzzle.BestMoves.World.{world}.Level.{level}"";"
Assets/Tests/EditMode/Editor/HintAndBestMovesTests.cs,76,33,save key,"Preserves existing PlayerPrefs keys, prefixes and compatibility assertions/documentation.","PlayerPrefs.SetInt(""PipeMuzzle.Feedback.SoundEnabled"", 0);"
Assets/Tests/EditMode/Editor/HintAndBestMovesTests.cs,82,45,save key,"Preserves existing PlayerPrefs keys, prefixes and compatibility assertions/documentation.","Assert.That(PlayerPrefs.GetInt(""PipeMuzzle.Feedback.SoundEnabled"", 1), Is.Zero);"
Assets/Tests/EditMode/Editor/HintAndBestMovesTests.cs,90,70,code identity,Existing fully qualified type names preserve reflection and test integration.,"Type selector = typeof(GameController).Assembly.GetType(""PipeMuzzle.Gameplay.HintSelector"");"
Assets/Tests/EditMode/Editor/HintAndBestMovesTests.cs,220,66,code identity,Existing fully qualified type names preserve reflection and test integration.,"Type type = typeof(GameController).Assembly.GetType(""PipeMuzzle.View.PipeHintFeedback"");"
Assets/Tests/EditMode/Editor/HintAndBestMovesTests.cs,226,52,code identity,Existing fully qualified type names preserve reflection and test integration.,var tile = tileObject.GetComponent<PipeMuzzle.View.TileView>();
Assets/Tests/EditMode/Editor/Level002DefinitionTests.cs,1,11,code identity,"Preserves namespaces, classes and test/tool integration; invisible to players.",namespace PipeMuzzle.Tests.EditMode
Assets/Tests/EditMode/Editor/LevelDefinitionContentTests.cs,4,7,code identity,"Preserves namespaces, classes and test/tool integration; invisible to players.",using PipeMuzzle.Board;
Assets/Tests/EditMode/Editor/LevelDefinitionContentTests.cs,5,7,code identity,"Preserves namespaces, classes and test/tool integration; invisible to players.",using PipeMuzzle.Data;
Assets/Tests/EditMode/Editor/LevelDefinitionContentTests.cs,6,7,code identity,"Preserves namespaces, classes and test/tool integration; invisible to players.",using PipeMuzzle.Editor;
Assets/Tests/EditMode/Editor/LevelDefinitionContentTests.cs,10,11,code identity,"Preserves namespaces, classes and test/tool integration; invisible to players.",namespace PipeMuzzle.Tests.EditMode
Assets/Tests/EditMode/Editor/LevelDifficultyProgressionTests.cs,4,7,code identity,"Preserves namespaces, classes and test/tool integration; invisible to players.",using PipeMuzzle.Board;
Assets/Tests/EditMode/Editor/LevelDifficultyProgressionTests.cs,5,7,code identity,"Preserves namespaces, classes and test/tool integration; invisible to players.",using PipeMuzzle.Data;
Assets/Tests/EditMode/Editor/LevelDifficultyProgressionTests.cs,6,7,code identity,"Preserves namespaces, classes and test/tool integration; invisible to players.",using PipeMuzzle.Editor;
Assets/Tests/EditMode/Editor/LevelDifficultyProgressionTests.cs,7,7,code identity,"Preserves namespaces, classes and test/tool integration; invisible to players.",using PipeMuzzle.View;
Assets/Tests/EditMode/Editor/LevelDifficultyProgressionTests.cs,11,11,code identity,"Preserves namespaces, classes and test/tool integration; invisible to players.",namespace PipeMuzzle.Tests.EditMode
Assets/Tests/EditMode/Editor/LevelSelectPresentationTests.cs,5,7,code identity,"Preserves namespaces, classes and test/tool integration; invisible to players.",using PipeMuzzle.Data;
Assets/Tests/EditMode/Editor/LevelSelectPresentationTests.cs,6,7,code identity,"Preserves namespaces, classes and test/tool integration; invisible to players.",using PipeMuzzle.Gameplay;
Assets/Tests/EditMode/Editor/LevelSelectPresentationTests.cs,7,7,code identity,"Preserves namespaces, classes and test/tool integration; invisible to players.",using PipeMuzzle.UI;
Assets/Tests/EditMode/Editor/LevelSelectPresentationTests.cs,13,11,code identity,"Preserves namespaces, classes and test/tool integration; invisible to players.",namespace PipeMuzzle.Tests.EditMode
Assets/Tests/EditMode/Editor/LevelSelectPresentationTests.cs,24,19,save key,"Preserves existing PlayerPrefs keys, prefixes and compatibility assertions/documentation.","Save(""PipeMuzzle.BestMoves.World.SakuraGarden.Level.1"");"
Assets/Tests/EditMode/Editor/LevelSelectPresentationTests.cs,25,19,save key,"Preserves existing PlayerPrefs keys, prefixes and compatibility assertions/documentation.","Save(""PipeMuzzle.BestMoves.World.SakuraGarden.Level.2"");"
Assets/Tests/EditMode/Editor/LevelSelectPresentationTests.cs,28,24,save key,"Preserves existing PlayerPrefs keys, prefixes and compatibility assertions/documentation.","Save($""PipeMuzzle.Progress.World.{id}.{suffix}"");"
Assets/Tests/EditMode/Editor/LevelSelectPresentationTests.cs,29,19,save key,"Preserves existing PlayerPrefs keys, prefixes and compatibility assertions/documentation.","Save(""PipeMuzzle.Progress.Migration.LegacyHighestUnlockedLevelToSakura.V1"");"
Assets/Tests/EditMode/Editor/LevelSelectPresentationTests.cs,30,33,save key,"Preserves existing PlayerPrefs keys, prefixes and compatibility assertions/documentation.","PlayerPrefs.SetInt(""PipeMuzzle.Progress.Migration.LegacyHighestUnlockedLevelToSakura.V1"", 1);"
Assets/Tests/EditMode/Editor/LevelSelectPresentationTests.cs,32,38,save key,"Preserves existing PlayerPrefs keys, prefixes and compatibility assertions/documentation.","PlayerPrefs.SetInt($""PipeMuzzle.Progress.World.{id}.Unlocked"", 1);"
Assets/Tests/EditMode/Editor/LevelSelectPresentationTests.cs,96,34,save key,"Preserves existing PlayerPrefs keys, prefixes and compatibility assertions/documentation.","PlayerPrefs.SetInt($""PipeMuzzle.Progress.World.{id}.HighestUnlockedLevel"", 4);"
Assets/Tests/EditMode/Editor/LevelSelectPresentationTests.cs,118,33,save key,"Preserves existing PlayerPrefs keys, prefixes and compatibility assertions/documentation.","PlayerPrefs.SetInt(""PipeMuzzle.Progress.World.SakuraGarden.HighestUnlockedLevel"", 1);"
Assets/Tests/EditMode/Editor/LevelSelectPresentationTests.cs,144,33,save key,"Preserves existing PlayerPrefs keys, prefixes and compatibility assertions/documentation.","PlayerPrefs.SetInt(""PipeMuzzle.Progress.World.SakuraGarden.HighestUnlockedLevel"", 1);"
Assets/Tests/EditMode/Editor/LevelSelectPresentationTests.cs,183,33,save key,"Preserves existing PlayerPrefs keys, prefixes and compatibility assertions/documentation.","PlayerPrefs.SetInt(""PipeMuzzle.Progress.World.MoonShrine.HighestUnlockedLevel"", 11);"
Assets/Tests/EditMode/Editor/LevelSelectPresentationTests.cs,184,33,save key,"Preserves existing PlayerPrefs keys, prefixes and compatibility assertions/documentation.","PlayerPrefs.SetInt(""PipeMuzzle.Progress.World.MoonShrine.Completed"", 1);"
Assets/Tests/EditMode/Editor/LevelValidationUtilityTests.cs,2,7,code identity,"Preserves namespaces, classes and test/tool integration; invisible to players.",using PipeMuzzle.Board;
Assets/Tests/EditMode/Editor/LevelValidationUtilityTests.cs,3,7,code identity,"Preserves namespaces, classes and test/tool integration; invisible to players.",using PipeMuzzle.Data;
Assets/Tests/EditMode/Editor/LevelValidationUtilityTests.cs,4,7,code identity,"Preserves namespaces, classes and test/tool integration; invisible to players.",using PipeMuzzle.Editor;
Assets/Tests/EditMode/Editor/LevelValidationUtilityTests.cs,9,11,code identity,"Preserves namespaces, classes and test/tool integration; invisible to players.",namespace PipeMuzzle.Tests.EditMode
Assets/Tests/EditMode/Editor/MoonLevelDefinitionTests.cs,1,11,code identity,"Preserves namespaces, classes and test/tool integration; invisible to players.",namespace PipeMuzzle.Tests.EditMode
Assets/Tests/EditMode/Editor/PipeChannelVisualTests.cs,4,7,code identity,"Preserves namespaces, classes and test/tool integration; invisible to players.",using PipeMuzzle.Board;
Assets/Tests/EditMode/Editor/PipeChannelVisualTests.cs,5,7,code identity,"Preserves namespaces, classes and test/tool integration; invisible to players.",using PipeMuzzle.Data;
Assets/Tests/EditMode/Editor/PipeChannelVisualTests.cs,6,7,code identity,"Preserves namespaces, classes and test/tool integration; invisible to players.",using PipeMuzzle.View;
Assets/Tests/EditMode/Editor/PipeChannelVisualTests.cs,10,11,code identity,"Preserves namespaces, classes and test/tool integration; invisible to players.",namespace PipeMuzzle.Tests.EditMode
Assets/Tests/EditMode/Editor/ProgressServiceTests.cs,4,7,code identity,"Preserves namespaces, classes and test/tool integration; invisible to players.",using PipeMuzzle.Data;
Assets/Tests/EditMode/Editor/ProgressServiceTests.cs,5,7,code identity,"Preserves namespaces, classes and test/tool integration; invisible to players.",using PipeMuzzle.Gameplay;
Assets/Tests/EditMode/Editor/ProgressServiceTests.cs,8,11,code identity,"Preserves namespaces, classes and test/tool integration; invisible to players.",namespace PipeMuzzle.Tests.EditMode
Assets/Tests/EditMode/Editor/ProgressServiceTests.cs,12,43,save key,"Preserves existing PlayerPrefs keys, prefixes and compatibility assertions/documentation.","private const string LegacyKey = ""PipeMuzzle.HighestUnlockedLevel"";"
Assets/Tests/EditMode/Editor/ProgressServiceTests.cs,14,14,save key,"Preserves existing PlayerPrefs keys, prefixes and compatibility assertions/documentation.","""PipeMuzzle.Progress.Migration.LegacyHighestUnlockedLevelToSakura.V1"";"
Assets/Tests/EditMode/Editor/ProgressServiceTests.cs,16,14,save key,"Preserves existing PlayerPrefs keys, prefixes and compatibility assertions/documentation.","""PipeMuzzle.Progress.World.SakuraGarden.HighestUnlockedLevel"";"
Assets/Tests/EditMode/Editor/ProgressServiceTests.cs,18,14,save key,"Preserves existing PlayerPrefs keys, prefixes and compatibility assertions/documentation.","""PipeMuzzle.Progress.World.BambooWorkshop.HighestUnlockedLevel"";"
Assets/Tests/EditMode/Editor/ProgressServiceTests.cs,20,14,save key,"Preserves existing PlayerPrefs keys, prefixes and compatibility assertions/documentation.","""PipeMuzzle.Progress.World.MoonShrine.HighestUnlockedLevel"";"
Assets/Tests/EditMode/Editor/SettingsTests.cs,5,7,code identity,"Preserves namespaces, classes and test/tool integration; invisible to players.",using PipeMuzzle.Data;
Assets/Tests/EditMode/Editor/SettingsTests.cs,6,7,save key,"Preserves existing PlayerPrefs keys, prefixes and compatibility assertions/documentation.",using PipeMuzzle.Feedback;
Assets/Tests/EditMode/Editor/SettingsTests.cs,7,7,code identity,"Preserves namespaces, classes and test/tool integration; invisible to players.",using PipeMuzzle.Gameplay;
Assets/Tests/EditMode/Editor/SettingsTests.cs,8,7,code identity,"Preserves namespaces, classes and test/tool integration; invisible to players.",using PipeMuzzle.UI;
Assets/Tests/EditMode/Editor/SettingsTests.cs,13,11,code identity,"Preserves namespaces, classes and test/tool integration; invisible to players.",namespace PipeMuzzle.Tests.EditMode
Assets/Tests/EditMode/Editor/SettingsTests.cs,17,42,save key,"Preserves existing PlayerPrefs keys, prefixes and compatibility assertions/documentation.","private const string SoundKey = ""PipeMuzzle.Feedback.SoundEnabled"";"
Assets/Tests/EditMode/Editor/SettingsTests.cs,18,44,save key,"Preserves existing PlayerPrefs keys, prefixes and compatibility assertions/documentation.","private const string HapticsKey = ""PipeMuzzle.Feedback.HapticsEnabled"";"
Assets/Tests/EditMode/Editor/SettingsTests.cs,146,45,save key,"Preserves existing PlayerPrefs keys, prefixes and compatibility assertions/documentation.","Assert.That(PlayerPrefs.HasKey(""PipeMuzzle.HighestUnlockedLevel""), Is.False);"
Assets/Tests/EditMode/Editor/SettingsTests.cs,249,27,save key,"Preserves existing PlayerPrefs keys, prefixes and compatibility assertions/documentation.","yield return ""PipeMuzzle.HighestUnlockedLevel"";"
Assets/Tests/EditMode/Editor/SettingsTests.cs,250,27,save key,"Preserves existing PlayerPrefs keys, prefixes and compatibility assertions/documentation.","yield return ""PipeMuzzle.Progress.Migration.LegacyHighestUnlockedLevelToSakura.V1"";"
Assets/Tests/EditMode/Editor/SettingsTests.cs,254,36,save key,"Preserves existing PlayerPrefs keys, prefixes and compatibility assertions/documentation.","yield return $""PipeMuzzle.BestMoves.World.{world}.Level.{level}"";"
Assets/Tests/EditMode/Editor/SettingsTests.cs,256,36,save key,"Preserves existing PlayerPrefs keys, prefixes and compatibility assertions/documentation.","yield return $""PipeMuzzle.Progress.World.{world}.{suffix}"";"
Assets/Tests/EditMode/Editor/SettingsTests.cs,258,36,save key,"Preserves existing PlayerPrefs keys, prefixes and compatibility assertions/documentation.","yield return $""PipeMuzzle.Story.World.{world}.Checkpoint.{checkpoint}.Viewed"";"
Assets/Tests/EditMode/Editor/SettingsTests.cs,265,37,save key,"Preserves existing PlayerPrefs keys, prefixes and compatibility assertions/documentation.","if (key.StartsWith(""PipeMuzzle.Progress.World."") || key.StartsWith(""PipeMuzzle.Story."") || key.StartsWith(""PipeMuzzle.BestMoves.""))"
Assets/Tests/EditMode/Editor/SettingsTests.cs,265,85,save key,"Preserves existing PlayerPrefs keys, prefixes and compatibility assertions/documentation.","if (key.StartsWith(""PipeMuzzle.Progress.World."") || key.StartsWith(""PipeMuzzle.Story."") || key.StartsWith(""PipeMuzzle.BestMoves.""))"
Assets/Tests/EditMode/Editor/SettingsTests.cs,265,124,save key,"Preserves existing PlayerPrefs keys, prefixes and compatibility assertions/documentation.","if (key.StartsWith(""PipeMuzzle.Progress.World."") || key.StartsWith(""PipeMuzzle.Story."") || key.StartsWith(""PipeMuzzle.BestMoves.""))"
Assets/Tests/EditMode/Editor/SettingsTests.cs,267,33,save key,"Preserves existing PlayerPrefs keys, prefixes and compatibility assertions/documentation.","PlayerPrefs.SetInt(""PipeMuzzle.HighestUnlockedLevel"", 11);"
Assets/Tests/EditMode/Editor/StoryCheckpointFlowTests.cs,4,7,code identity,"Preserves namespaces, classes and test/tool integration; invisible to players.",using PipeMuzzle.Board;
Assets/Tests/EditMode/Editor/StoryCheckpointFlowTests.cs,6,7,code identity,"Preserves namespaces, classes and test/tool integration; invisible to players.",using PipeMuzzle.Data;
Assets/Tests/EditMode/Editor/StoryCheckpointFlowTests.cs,7,7,code identity,"Preserves namespaces, classes and test/tool integration; invisible to players.",using PipeMuzzle.Gameplay;
Assets/Tests/EditMode/Editor/StoryCheckpointFlowTests.cs,8,7,code identity,"Preserves namespaces, classes and test/tool integration; invisible to players.",using PipeMuzzle.UI;
Assets/Tests/EditMode/Editor/StoryCheckpointFlowTests.cs,9,7,code identity,"Preserves namespaces, classes and test/tool integration; invisible to players.",using PipeMuzzle.View;
Assets/Tests/EditMode/Editor/StoryCheckpointFlowTests.cs,15,11,code identity,"Preserves namespaces, classes and test/tool integration; invisible to players.",namespace PipeMuzzle.Tests.EditMode
Assets/Tests/EditMode/Editor/StoryCheckpointFlowTests.cs,51,27,save key,"Preserves existing PlayerPrefs keys, prefixes and compatibility assertions/documentation.","SaveAndClear(""PipeMuzzle.Feedback.SoundEnabled"");"
Assets/Tests/EditMode/Editor/StoryCheckpointFlowTests.cs,53,27,save key,"Preserves existing PlayerPrefs keys, prefixes and compatibility assertions/documentation.","SaveAndClear(""PipeMuzzle.HighestUnlockedLevel"");"
Assets/Tests/EditMode/Editor/StoryCheckpointFlowTests.cs,54,27,save key,"Preserves existing PlayerPrefs keys, prefixes and compatibility assertions/documentation.","SaveAndClear(""PipeMuzzle.Progress.Migration.LegacyHighestUnlockedLevelToSakura.V1"");"
Assets/Tests/EditMode/Editor/StoryCheckpointFlowTests.cs,58,36,save key,"Preserves existing PlayerPrefs keys, prefixes and compatibility assertions/documentation.","SaveAndClear($""PipeMuzzle.BestMoves.World.{world}.Level.{level}"");"
Assets/Tests/EditMode/Editor/StoryCheckpointFlowTests.cs,62,36,save key,"Preserves existing PlayerPrefs keys, prefixes and compatibility assertions/documentation.","SaveAndClear($""PipeMuzzle.Story.World.{world}.Checkpoint.{checkpoint}.Viewed"");"
Assets/Tests/EditMode/Editor/StoryCheckpointFlowTests.cs,168,33,save key,"Preserves existing PlayerPrefs keys, prefixes and compatibility assertions/documentation.","string introKey = $""PipeMuzzle.Story.World.{worldName}.Checkpoint.0.Viewed"";"
Assets/Tests/EditMode/Editor/StoryCheckpointFlowTests.cs,209,33,save key,"Preserves existing PlayerPrefs keys, prefixes and compatibility assertions/documentation.","string introKey = $""PipeMuzzle.Story.World.{worldName}.Checkpoint.0.Viewed"";"
Assets/Tests/EditMode/Editor/StoryCheckpointFlowTests.cs,277,33,save key,"Preserves existing PlayerPrefs keys, prefixes and compatibility assertions/documentation.","PlayerPrefs.SetInt(""PipeMuzzle.HighestUnlockedLevel"", checkpoint);"
Assets/Tests/EditMode/Editor/StoryCheckpointFlowTests.cs,413,33,save key,"Preserves existing PlayerPrefs keys, prefixes and compatibility assertions/documentation.","PlayerPrefs.SetInt(""PipeMuzzle.Feedback.SoundEnabled"", 0);"
Assets/Tests/EditMode/Editor/StoryCheckpointFlowTests.cs,420,45,save key,"Preserves existing PlayerPrefs keys, prefixes and compatibility assertions/documentation.","Assert.That(PlayerPrefs.GetInt(""PipeMuzzle.Feedback.SoundEnabled"", 1), Is.Zero);"
Assets/Tests/EditMode/Editor/StoryCheckpointFlowTests.cs,580,77,save key,"Preserves existing PlayerPrefs keys, prefixes and compatibility assertions/documentation.","private static string ProgressKey(string world, string suffix) => $""PipeMuzzle.Progress.World.{world}.{suffix}"";"
Assets/Tests/EditMode/Editor/StoryCheckpointTests.cs,4,7,code identity,"Preserves namespaces, classes and test/tool integration; invisible to players.",using PipeMuzzle.Data;
Assets/Tests/EditMode/Editor/StoryCheckpointTests.cs,5,7,code identity,"Preserves namespaces, classes and test/tool integration; invisible to players.",using PipeMuzzle.Gameplay;
Assets/Tests/EditMode/Editor/StoryCheckpointTests.cs,9,11,code identity,"Preserves namespaces, classes and test/tool integration; invisible to players.",namespace PipeMuzzle.Tests.EditMode
Assets/Tests/EditMode/Editor/StoryCheckpointTests.cs,22,32,save key,"Preserves existing PlayerPrefs keys, prefixes and compatibility assertions/documentation.","string key = $""PipeMuzzle.Story.World.{world}.Checkpoint.{trigger}.Viewed"";"
Assets/Tests/EditMode/Editor/StoryCheckpointTests.cs,86,28,save key,"Preserves existing PlayerPrefs keys, prefixes and compatibility assertions/documentation.","string key = $""PipeMuzzle.Story.World.{name}.Checkpoint.0.Viewed"";"
Assets/Tests/EditMode/Editor/StoryCheckpointTests.cs,128,36,save key,"Preserves existing PlayerPrefs keys, prefixes and compatibility assertions/documentation.","string key = $""PipeMuzzle.Story.World.{world}.Checkpoint.{trigger}.Viewed"";"
Assets/Tests/EditMode/Editor/StoryCheckpointTests.cs,134,36,save key,"Preserves existing PlayerPrefs keys, prefixes and compatibility assertions/documentation.","string key = $""PipeMuzzle.Progress.World.{world}.{suffix}"";"
Assets/Tests/EditMode/Editor/StoryCheckpointTests.cs,140,45,save key,"Preserves existing PlayerPrefs keys, prefixes and compatibility assertions/documentation.","foreach (string key in new[] { ""PipeMuzzle.HighestUnlockedLevel"","
Assets/Tests/EditMode/Editor/StoryCheckpointTests.cs,141,27,save key,"Preserves existing PlayerPrefs keys, prefixes and compatibility assertions/documentation.","""PipeMuzzle.Progress.Migration.LegacyHighestUnlockedLevelToSakura.V1"","
Assets/Tests/EditMode/Editor/StoryCheckpointTests.cs,142,27,code identity,"Preserves namespaces, classes and test/tool integration; invisible to players.","""PipeMuzzle.Tests.UnrelatedCheckpointResetPreference"" })"
Assets/Tests/EditMode/Editor/StoryCheckpointTests.cs,153,32,save key,"Preserves existing PlayerPrefs keys, prefixes and compatibility assertions/documentation.","string key = $""PipeMuzzle.Story.World.{selectedWorld}.Checkpoint.{trigger}.Viewed"";"
Assets/Tests/EditMode/Editor/StoryCheckpointTests.cs,179,50,save key,"Preserves existing PlayerPrefs keys, prefixes and compatibility assertions/documentation.","Assert.That(PlayerPrefs.HasKey($""PipeMuzzle.Story.World.{world}.Checkpoint.{trigger}.Viewed""),"
Assets/Tests/EditMode/Editor/StoryCheckpointTests.cs,190,33,save key,"Preserves existing PlayerPrefs keys, prefixes and compatibility assertions/documentation.","SeedValue($""PipeMuzzle.Story.World.{world}.Checkpoint.{trigger}.Viewed"", 1);"
Assets/Tests/EditMode/Editor/StoryCheckpointTests.cs,192,33,save key,"Preserves existing PlayerPrefs keys, prefixes and compatibility assertions/documentation.","preserved[$""PipeMuzzle.Progress.World.{world}.{suffix}""] = suffix == ""HighestUnlockedLevel"" ? 11 : 1;"
Assets/Tests/EditMode/Editor/StoryCheckpointTests.cs,193,29,save key,"Preserves existing PlayerPrefs keys, prefixes and compatibility assertions/documentation.","preserved[$""PipeMuzzle.Story.World.{world}.Checkpoint.0.Viewed""] = 1;"
Assets/Tests/EditMode/Editor/StoryCheckpointTests.cs,194,29,save key,"Preserves existing PlayerPrefs keys, prefixes and compatibility assertions/documentation.","preserved[$""PipeMuzzle.Story.World.{world}.Checkpoint.4.Viewed""] = 7;"
Assets/Tests/EditMode/Editor/StoryCheckpointTests.cs,196,24,save key,"Preserves existing PlayerPrefs keys, prefixes and compatibility assertions/documentation.","preserved[""PipeMuzzle.HighestUnlockedLevel""] = 9;"
Assets/Tests/EditMode/Editor/StoryCheckpointTests.cs,197,24,save key,"Preserves existing PlayerPrefs keys, prefixes and compatibility assertions/documentation.","preserved[""PipeMuzzle.Progress.Migration.LegacyHighestUnlockedLevelToSakura.V1""] = 1;"
Assets/Tests/EditMode/Editor/StoryCheckpointTests.cs,198,24,code identity,"Preserves namespaces, classes and test/tool integration; invisible to players.","preserved[""PipeMuzzle.Tests.UnrelatedCheckpointResetPreference""] = 7;"
Assets/Tests/EditMode/Editor/StoryCheckpointTests.cs,201,13,code identity,"Preserves namespaces, classes and test/tool integration; invisible to players.",PipeMuzzle.Editor.PipeMuzzleStoryDebugMenu.ResetAll();
Assets/Tests/EditMode/Editor/StoryCheckpointTests.cs,201,31,code identity,"Preserves namespaces, classes and test/tool integration; invisible to players.",PipeMuzzle.Editor.PipeMuzzleStoryDebugMenu.ResetAll();
Assets/Tests/EditMode/Editor/StoryCheckpointTests.cs,202,13,code identity,"Preserves namespaces, classes and test/tool integration; invisible to players.",PipeMuzzle.Editor.PipeMuzzleStoryDebugMenu.ResetAll();
Assets/Tests/EditMode/Editor/StoryCheckpointTests.cs,202,31,code identity,"Preserves namespaces, classes and test/tool integration; invisible to players.",PipeMuzzle.Editor.PipeMuzzleStoryDebugMenu.ResetAll();
Assets/Tests/EditMode/Editor/StoryCheckpointTests.cs,206,50,save key,"Preserves existing PlayerPrefs keys, prefixes and compatibility assertions/documentation.","Assert.That(PlayerPrefs.HasKey($""PipeMuzzle.Story.World.{world}.Checkpoint.{trigger}.Viewed""), Is.False);"
Assets/Tests/EditMode/Editor/WorldDefinitionTests.cs,4,7,code identity,"Preserves namespaces, classes and test/tool integration; invisible to players.",using PipeMuzzle.Data;
Assets/Tests/EditMode/Editor/WorldDefinitionTests.cs,8,11,code identity,"Preserves namespaces, classes and test/tool integration; invisible to players.",namespace PipeMuzzle.Tests.EditMode
Assets/Tests/EditMode/Editor/WorldLevelSelectDataTests.cs,2,7,code identity,"Preserves namespaces, classes and test/tool integration; invisible to players.",using PipeMuzzle.Data;
Assets/Tests/EditMode/Editor/WorldLevelSelectDataTests.cs,5,11,code identity,"Preserves namespaces, classes and test/tool integration; invisible to players.",namespace PipeMuzzle.Tests.EditMode
Assets/Tests/EditMode/Editor/WorldNavigationTests.cs,5,7,code identity,"Preserves namespaces, classes and test/tool integration; invisible to players.",using PipeMuzzle.Data;
Assets/Tests/EditMode/Editor/WorldNavigationTests.cs,6,7,code identity,"Preserves namespaces, classes and test/tool integration; invisible to players.",using PipeMuzzle.Gameplay;
Assets/Tests/EditMode/Editor/WorldNavigationTests.cs,7,7,code identity,"Preserves namespaces, classes and test/tool integration; invisible to players.",using PipeMuzzle.UI;
Assets/Tests/EditMode/Editor/WorldNavigationTests.cs,15,11,code identity,"Preserves namespaces, classes and test/tool integration; invisible to players.",namespace PipeMuzzle.Tests.EditMode
Assets/Tests/EditMode/Editor/WorldNavigationTests.cs,21,14,save key,"Preserves existing PlayerPrefs keys, prefixes and compatibility assertions/documentation.","""PipeMuzzle.Progress.World.SakuraGarden.Unlocked"","
Assets/Tests/EditMode/Editor/WorldNavigationTests.cs,22,14,save key,"Preserves existing PlayerPrefs keys, prefixes and compatibility assertions/documentation.","""PipeMuzzle.Progress.World.BambooWorkshop.Unlocked"","
Assets/Tests/EditMode/Editor/WorldNavigationTests.cs,23,14,save key,"Preserves existing PlayerPrefs keys, prefixes and compatibility assertions/documentation.","""PipeMuzzle.Progress.World.MoonShrine.Unlocked"","
Assets/Tests/EditMode/Editor/WorldNavigationTests.cs,24,14,save key,"Preserves existing PlayerPrefs keys, prefixes and compatibility assertions/documentation.","""PipeMuzzle.Progress.World.SakuraGarden.Completed"","
Assets/Tests/EditMode/Editor/WorldNavigationTests.cs,25,14,save key,"Preserves existing PlayerPrefs keys, prefixes and compatibility assertions/documentation.","""PipeMuzzle.Progress.World.BambooWorkshop.Completed"","
Assets/Tests/EditMode/Editor/WorldNavigationTests.cs,26,14,save key,"Preserves existing PlayerPrefs keys, prefixes and compatibility assertions/documentation.","""PipeMuzzle.Progress.World.MoonShrine.Completed"","
Assets/Tests/EditMode/Editor/WorldNavigationTests.cs,27,14,save key,"Preserves existing PlayerPrefs keys, prefixes and compatibility assertions/documentation.","""PipeMuzzle.Progress.Migration.LegacyHighestUnlockedLevelToSakura.V1"","
Assets/Tests/EditMode/Editor/WorldNavigationTests.cs,28,14,save key,"Preserves existing PlayerPrefs keys, prefixes and compatibility assertions/documentation.","""PipeMuzzle.Progress.World.SakuraGarden.HighestUnlockedLevel"""
Assets/Tests/EditMode/Editor/WorldNavigationTests.cs,382,34,save key,"Preserves existing PlayerPrefs keys, prefixes and compatibility assertions/documentation.","PlayerPrefs.SetInt($""PipeMuzzle.Progress.World.{id}.Unlocked"", 1);"
Assets/Tests/EditMode/Editor/WorldProgressServiceTests.cs,4,7,code identity,"Preserves namespaces, classes and test/tool integration; invisible to players.",using PipeMuzzle.Data;
Assets/Tests/EditMode/Editor/WorldProgressServiceTests.cs,5,7,code identity,"Preserves namespaces, classes and test/tool integration; invisible to players.",using PipeMuzzle.Gameplay;
Assets/Tests/EditMode/Editor/WorldProgressServiceTests.cs,9,11,code identity,"Preserves namespaces, classes and test/tool integration; invisible to players.",namespace PipeMuzzle.Tests.EditMode
Assets/Tests/EditMode/Editor/WorldProgressServiceTests.cs,15,14,save key,"Preserves existing PlayerPrefs keys, prefixes and compatibility assertions/documentation.","""PipeMuzzle.Progress.World.SakuraGarden.Unlocked"","
Assets/Tests/EditMode/Editor/WorldProgressServiceTests.cs,16,14,save key,"Preserves existing PlayerPrefs keys, prefixes and compatibility assertions/documentation.","""PipeMuzzle.Progress.World.BambooWorkshop.Unlocked"","
Assets/Tests/EditMode/Editor/WorldProgressServiceTests.cs,17,14,save key,"Preserves existing PlayerPrefs keys, prefixes and compatibility assertions/documentation.","""PipeMuzzle.Progress.World.MoonShrine.Unlocked"","
Assets/Tests/EditMode/Editor/WorldProgressServiceTests.cs,18,14,save key,"Preserves existing PlayerPrefs keys, prefixes and compatibility assertions/documentation.","""PipeMuzzle.Progress.World.SakuraGarden.Completed"","
Assets/Tests/EditMode/Editor/WorldProgressServiceTests.cs,19,14,save key,"Preserves existing PlayerPrefs keys, prefixes and compatibility assertions/documentation.","""PipeMuzzle.Progress.World.BambooWorkshop.Completed"","
Assets/Tests/EditMode/Editor/WorldProgressServiceTests.cs,20,14,save key,"Preserves existing PlayerPrefs keys, prefixes and compatibility assertions/documentation.","""PipeMuzzle.Progress.World.MoonShrine.Completed"""
Assets/_Recovery/0 (1).unity,331,12,historical scene,Recovery snapshot excluded from builds; preserve original recovery content and serialized references.,m_text: 'PIPE MUZZLE
Assets/_Recovery/0 (1).unity,730,45,historical scene,Recovery snapshot excluded from builds; preserve original recovery content and serialized references.,m_EditorClassIdentifier: Assembly-CSharp::PipeMuzzle.Gameplay.GameController
Assets/_Recovery/0 (1).unity,3062,45,historical scene,Recovery snapshot excluded from builds; preserve original recovery content and serialized references.,m_EditorClassIdentifier: Assembly-CSharp::PipeMuzzle.View.EnergyFlowView
Assets/_Recovery/0 (1).unity,3116,45,historical scene,Recovery snapshot excluded from builds; preserve original recovery content and serialized references.,m_EditorClassIdentifier: Assembly-CSharp::PipeMuzzle.UI.ComicViewerUI
Assets/_Recovery/0 (1).unity,3134,45,historical scene,Recovery snapshot excluded from builds; preserve original recovery content and serialized references.,m_EditorClassIdentifier: Assembly-CSharp::PipeMuzzle.UI.StoryNavigationCoordinator
Assets/_Recovery/0 (1).unity,3185,45,historical scene,Recovery snapshot excluded from builds; preserve original recovery content and serialized references.,m_EditorClassIdentifier: Assembly-CSharp::PipeMuzzle.UI.FirstLevelTutorial
Assets/_Recovery/0 (1).unity,3838,45,historical scene,Recovery snapshot excluded from builds; preserve original recovery content and serialized references.,m_EditorClassIdentifier: Assembly-CSharp::PipeMuzzle.View.BoardCameraFitter
Assets/_Recovery/0 (1).unity,3872,45,historical scene,Recovery snapshot excluded from builds; preserve original recovery content and serialized references.,m_EditorClassIdentifier: Assembly-CSharp::PipeMuzzle.View.BoardView
Assets/_Recovery/0 (1).unity,4960,45,historical scene,Recovery snapshot excluded from builds; preserve original recovery content and serialized references.,m_EditorClassIdentifier: Assembly-CSharp::PipeMuzzle.UI.GameUI
Assets/_Recovery/0 (1).unity,4979,45,historical scene,Recovery snapshot excluded from builds; preserve original recovery content and serialized references.,m_EditorClassIdentifier: Assembly-CSharp::PipeMuzzle.UI.LevelSelectUI
Assets/_Recovery/0 (1).unity,5014,45,historical scene,Recovery snapshot excluded from builds; preserve original recovery content and serialized references.,m_EditorClassIdentifier: Assembly-CSharp::PipeMuzzle.UI.ScreenManager
Assets/_Recovery/0.unity,331,12,historical scene,Recovery snapshot excluded from builds; preserve original recovery content and serialized references.,m_text: 'PIPE MUZZLE
Assets/_Recovery/0.unity,730,45,historical scene,Recovery snapshot excluded from builds; preserve original recovery content and serialized references.,m_EditorClassIdentifier: Assembly-CSharp::PipeMuzzle.Gameplay.GameController
Assets/_Recovery/0.unity,3062,45,historical scene,Recovery snapshot excluded from builds; preserve original recovery content and serialized references.,m_EditorClassIdentifier: Assembly-CSharp::PipeMuzzle.View.EnergyFlowView
Assets/_Recovery/0.unity,3116,45,historical scene,Recovery snapshot excluded from builds; preserve original recovery content and serialized references.,m_EditorClassIdentifier: Assembly-CSharp::PipeMuzzle.UI.ComicViewerUI
Assets/_Recovery/0.unity,3134,45,historical scene,Recovery snapshot excluded from builds; preserve original recovery content and serialized references.,m_EditorClassIdentifier: Assembly-CSharp::PipeMuzzle.UI.StoryNavigationCoordinator
Assets/_Recovery/0.unity,3625,45,historical scene,Recovery snapshot excluded from builds; preserve original recovery content and serialized references.,m_EditorClassIdentifier: Assembly-CSharp::PipeMuzzle.View.BoardCameraFitter
Assets/_Recovery/0.unity,3659,45,historical scene,Recovery snapshot excluded from builds; preserve original recovery content and serialized references.,m_EditorClassIdentifier: Assembly-CSharp::PipeMuzzle.View.BoardView
Assets/_Recovery/0.unity,4747,45,historical scene,Recovery snapshot excluded from builds; preserve original recovery content and serialized references.,m_EditorClassIdentifier: Assembly-CSharp::PipeMuzzle.UI.GameUI
Assets/_Recovery/0.unity,4766,45,historical scene,Recovery snapshot excluded from builds; preserve original recovery content and serialized references.,m_EditorClassIdentifier: Assembly-CSharp::PipeMuzzle.UI.LevelSelectUI
Assets/_Recovery/0.unity,4796,45,historical scene,Recovery snapshot excluded from builds; preserve original recovery content and serialized references.,m_EditorClassIdentifier: Assembly-CSharp::PipeMuzzle.UI.ScreenManager
PipeMuzzle.slnx,0,1,path,Existing solution or script path retained; avoids tooling and serialized identity changes.,PipeMuzzle.slnx
ProjectSettings/ProjectSettings.asset,170,35,package identity,Preserves installed application and package compatibility.,Android: com.muhammedcanarica.pipemuzzle
ProjectSettings/ProjectSettings.asset,810,21,package identity,Preserves installed application and package compatibility.,metroPackageName: PipeMuzzle
ProjectSettings/ProjectSettings.asset,891,16,cloud identity,Existing Unity Services linked project metadata; external project was not renamed.,projectName: PipeMuzzle
README.md,9,104,repository URL,"Actual repository has not been renamed; keeps clone, badge and repository links valid.",[![Status](https://img.shields.io/badge/status-pre--alpha-orange)](https://github.com/muhammedcanarica/PipeMuzzle)
README.md,67,50,repository URL,"Actual repository has not been renamed; keeps clone, badge and repository links valid.",git clone https://github.com/muhammedcanarica/PipeMuzzle.git
README.md,194,50,repository URL,"Actual repository has not been renamed; keeps clone, badge and repository links valid.",git clone https://github.com/muhammedcanarica/PipeMuzzle.git
README.md,269,57,repository URL,"Actual repository has not been renamed; keeps clone, badge and repository links valid.",[Ruilay repository](https://github.com/muhammedcanarica/PipeMuzzle)
docs/WEBGL_RC1.md,119,49,solution path,Existing solution filename is retained; documented commands remain valid.,"validated with zero errors**, and `dotnet build PipeMuzzle.slnx --no-restore -m:1`"
docs/recovery-2026-10-03.md,27,21,solution path,Existing solution filename is retained; documented commands remain valid.,"- Son `dotnet build PipeMuzzle.slnx --no-restore -m:1 -p:UseSharedCompilation=false --verbosity minimal`: başarılı, 0 uyarı / 0 hata. Unity kapanırken silinen build önbelleği mevcut projeler için restore edilerek yenilendi."
docs/recovery-2026-10-03.md,38,87,historical archive,Exact external backup filename/path must remain valid.,`C:\Users\muham\.codex\visualizations\2026\10\02\01a0fe69-7ce7-7c60-b6e8-89b151ef00c9\PipeMuzzle-recovered-work.zip`
docs/single-main-consolidation.md,9,24,historical archive,Exact external backup filename/path must remain valid.,"The existing external `PipeMuzzle-recovered-work.zip` was verified, including every manifest SHA-256, and left untouched. Its SHA-256 is `d540d6ec1fbba6bcbf39960302a8dbec6c551eeef740bb9222ce2abfdcc069d4`."
docs/single-main-consolidation.md,13,4,historical archive,Exact external backup filename/path must remain valid.,"- `PipeMuzzle-before-single-main-20261003.zip`: 647 current tracked/untracked files, full file-hash audit and the existing worktree's untracked solution file."
docs/single-main-consolidation.md,14,4,historical archive,Exact external backup filename/path must remain valid.,"- `PipeMuzzle-before-single-main-20261003.bundle`: complete Git history, local/remote references, stash and existing worktree HEAD; verified with `git bundle verify`."
docs/story-checkpoints-validation.md,9,142,save key,"Preserves existing PlayerPrefs keys, prefixes and compatibility assertions/documentation.","`Assets/Scripts/Gameplay/StoryCheckpointProgress.cs` records a checkpoint when its presentation begins, including skip/back exits. Keys are `PipeMuzzle.Story.World.{WorldIdPersistence.Segment(world)}.Checkpoint.{completedLevelNumber}.Viewed`. They are separate from existing progression keys. A new service instance reads the same saved state. Display names never form keys."
docs/superpowers/plans/2026-09-24-world-aware-progression.md,18,11,save key,"Preserves existing PlayerPrefs keys, prefixes and compatibility assertions/documentation.",- Legacy `PipeMuzzle.HighestUnlockedLevel` migrates once only into Sakura; retain the legacy key.
docs/superpowers/plans/2026-09-24-world-aware-progression.md,97,216,save key,"Preserves existing PlayerPrefs keys, prefixes and compatibility assertions/documentation.","- [ ] **Step 1: Write failing tests.** Assert `Segment(SakuraGarden) == ""SakuraGarden""`, likewise for Bamboo/Moon, and unknown `(WorldId)999` throws `ArgumentOutOfRangeException`. For `ProgressService`, clean only `PipeMuzzle.HighestUnlockedLevel`, all three new highest-level keys, and `PipeMuzzle.Progress.Migration.LegacyHighestUnlockedLevelToSakura.V1` in `[SetUp]`/`[TearDown]`. Test Sakura unlock to 3 leaves Bamboo/Moon at 0; Bamboo unlock to 4 leaves Moon at 0; unlock 3 then 2 remains 3 after service recreation; `-1` and `12` are invalid for a 12-level service; stored 99 reads as 11; a zero-count service reports -1 and unlocks nothing."
docs/superpowers/plans/2026-09-24-world-aware-progression.md,97,289,save key,"Preserves existing PlayerPrefs keys, prefixes and compatibility assertions/documentation.","- [ ] **Step 1: Write failing tests.** Assert `Segment(SakuraGarden) == ""SakuraGarden""`, likewise for Bamboo/Moon, and unknown `(WorldId)999` throws `ArgumentOutOfRangeException`. For `ProgressService`, clean only `PipeMuzzle.HighestUnlockedLevel`, all three new highest-level keys, and `PipeMuzzle.Progress.Migration.LegacyHighestUnlockedLevelToSakura.V1` in `[SetUp]`/`[TearDown]`. Test Sakura unlock to 3 leaves Bamboo/Moon at 0; Bamboo unlock to 4 leaves Moon at 0; unlock 3 then 2 remains 3 after service recreation; `-1` and `12` are invalid for a 12-level service; stored 99 reads as 11; a zero-count service reports -1 and unlocks nothing."
docs/superpowers/plans/2026-09-24-world-aware-progression.md,100,210,save key,"Preserves existing PlayerPrefs keys, prefixes and compatibility assertions/documentation.","- [ ] **Step 4: Implement stable mapping and world-scoped service.** Use an exhaustive switch in `WorldIdPersistence.Segment`; the default throws `ArgumentOutOfRangeException(nameof(id))`. Construct keys as `""PipeMuzzle.Progress.World."" + Segment(id) + "".HighestUnlockedLevel""`. Reject negative or `>= levelCount` indexes. Read stored values with default 0, clamp to `0..levelCount - 1`, or use -1 for empty content. Write only monotonic valid unlocks; call `PlayerPrefs.Save()` after writes."
docs/superpowers/plans/2026-09-24-world-aware-progression.md,139,59,save key,"Preserves existing PlayerPrefs keys, prefixes and compatibility assertions/documentation.","- [ ] **Step 4: Implement keys and transitions.** Build `""PipeMuzzle.Progress.World."" + Segment(id) + "".Unlocked""` and `.Completed`; first use treats Sakura as unlocked and writes its key to 1. `MarkWorldCompleted` writes current completion, then uses explicit switch `SakuraGarden => BambooWorkshop`, `BambooWorkshop => MoonShrine`, `MoonShrine => none`. Save only after a changed write. Unknown IDs throw/fail closed. `GetAccessState` checks unlock before content readiness and returns the three enum values. Place `WorldAccessState` in the same file unless it grows."
docs/superpowers/specs/2026-09-24-world-aware-progression-design.md,11,82,save key,"Preserves existing PlayerPrefs keys, prefixes and compatibility assertions/documentation.","- `Assets/Scripts/Gameplay/ProgressService.cs` reads and writes one global key, `PipeMuzzle.HighestUnlockedLevel`."
docs/superpowers/specs/2026-09-24-world-aware-progression-design.md,167,1,save key,"Preserves existing PlayerPrefs keys, prefixes and compatibility assertions/documentation.",PipeMuzzle.Progress.World.SakuraGarden.HighestUnlockedLevel
docs/superpowers/specs/2026-09-24-world-aware-progression-design.md,168,1,save key,"Preserves existing PlayerPrefs keys, prefixes and compatibility assertions/documentation.",PipeMuzzle.Progress.World.BambooWorkshop.HighestUnlockedLevel
docs/superpowers/specs/2026-09-24-world-aware-progression-design.md,169,1,save key,"Preserves existing PlayerPrefs keys, prefixes and compatibility assertions/documentation.",PipeMuzzle.Progress.World.MoonShrine.HighestUnlockedLevel
docs/superpowers/specs/2026-09-24-world-aware-progression-design.md,187,1,save key,"Preserves existing PlayerPrefs keys, prefixes and compatibility assertions/documentation.",PipeMuzzle.HighestUnlockedLevel
docs/superpowers/specs/2026-09-24-world-aware-progression-design.md,193,1,save key,"Preserves existing PlayerPrefs keys, prefixes and compatibility assertions/documentation.",PipeMuzzle.Progress.Migration.LegacyHighestUnlockedLevelToSakura.V1
docs/superpowers/specs/2026-09-24-world-aware-progression-design.md,215,1,save key,"Preserves existing PlayerPrefs keys, prefixes and compatibility assertions/documentation.",PipeMuzzle.Progress.World.SakuraGarden.Unlocked
docs/superpowers/specs/2026-09-24-world-aware-progression-design.md,216,1,save key,"Preserves existing PlayerPrefs keys, prefixes and compatibility assertions/documentation.",PipeMuzzle.Progress.World.BambooWorkshop.Unlocked
docs/superpowers/specs/2026-09-24-world-aware-progression-design.md,217,1,save key,"Preserves existing PlayerPrefs keys, prefixes and compatibility assertions/documentation.",PipeMuzzle.Progress.World.MoonShrine.Unlocked
docs/superpowers/specs/2026-09-24-world-aware-progression-design.md,223,1,save key,"Preserves existing PlayerPrefs keys, prefixes and compatibility assertions/documentation.",PipeMuzzle.Progress.World.SakuraGarden.Completed
docs/superpowers/specs/2026-09-24-world-aware-progression-design.md,224,1,save key,"Preserves existing PlayerPrefs keys, prefixes and compatibility assertions/documentation.",PipeMuzzle.Progress.World.BambooWorkshop.Completed
docs/superpowers/specs/2026-09-24-world-aware-progression-design.md,225,1,save key,"Preserves existing PlayerPrefs keys, prefixes and compatibility assertions/documentation.",PipeMuzzle.Progress.World.MoonShrine.Completed
tools/generate_endpoint_art.py,155,22,GUID seed,Deterministic asset GUID seed must remain stable.,"reference = ""PipeMuzzle/"" + path.relative_to(ROOT).as_posix()"
tools/generate_pipe_art.py,24,44,GUID seed,Deterministic asset GUID seed must remain stable.,"return uuid.uuid5(uuid.NAMESPACE_URL, ""PipeMuzzle/"" + str(path.relative_to(ROOT)).replace(""\\"", ""/"")).hex"
