world,level,before_board,after_board,before_pipes,after_pipes,before_density,after_density,before_route,after_route,before_distractors,after_distractors,before_minimum_moves,after_minimum_moves,before_routes,after_routes,before_corners,after_corners,before_threeways,after_threeways,before_crosses,after_crosses,before_search_complete,after_search_complete
Sakura,1,3x3,3x3,9,3,1.0,0.333,3,3,6,0,1,1,1,1,4,0,0,0,0,0,True,True
Sakura,2,4x3,4x3,12,6,1.0,0.5,6,5,6,1,4,3,1,1,6,4,0,0,0,0,True,True
Sakura,3,4x3,4x3,12,8,1.0,0.667,8,7,4,1,6,4,1,1,7,6,0,0,0,0,True,True
Sakura,4,4x4,4x4,16,10,1.0,0.625,11,8,5,2,18,6,1,1,6,6,1,0,0,0,True,True
Sakura,5,4x4,4x4,16,12,1.0,0.75,13,9,3,3,22,7,1,1,6,8,2,0,0,0,True,True
Sakura,6,4x4,4x4,16,13,1.0,0.812,13,10,3,3,20,8,1,1,4,7,2,1,0,0,True,True
Sakura,7,4x4,5x4,16,15,1.0,0.75,13,11,3,4,20,10,1,1,5,7,3,1,0,0,True,True
Sakura,8,5x4,5x4,20,16,1.0,0.8,14,12,6,4,21,11,1,1,5,7,4,2,0,0,True,True
Sakura,9,5x4,5x4,20,17,1.0,0.85,16,13,4,4,23,12,1,1,5,8,5,2,0,0,True,True
Sakura,10,5x5,5x5,25,19,1.0,0.76,19,14,6,5,30,14,1,1,6,12,6,2,0,0,True,True
Sakura,11,5x5,5x5,25,20,1.0,0.8,23,15,2,5,34,15,1,1,6,8,7,3,0,0,True,True
Sakura,12,5x5,5x5,25,22,1.0,0.88,23,16,2,6,33,17,1,1,4,10,8,3,0,0,True,True
Bamboo,1,4x4,5x4,16,16,1.0,0.8,11,12,5,4,17,14,1,1,10,5,1,2,0,0,True,True
Bamboo,2,4x4,5x4,16,17,1.0,0.85,13,13,3,4,17,16,1,1,7,10,1,2,0,0,True,True
Bamboo,3,4x4,5x4,16,18,1.0,0.9,9,14,7,4,11,17,2,1,9,9,2,3,0,0,True,True
Bamboo,4,5x4,5x5,20,20,1.0,0.8,15,15,5,5,18,19,1,1,10,12,3,3,0,0,True,True
Bamboo,5,5x4,5x5,20,21,1.0,0.84,12,16,8,5,12,20,2,1,8,11,2,3,0,0,True,True
Bamboo,6,5x4,5x5,20,22,1.0,0.88,17,17,3,5,23,22,1,1,10,11,3,4,0,0,True,True
Bamboo,7,5x5,6x5,25,24,1.0,0.8,11,18,14,6,12,24,4,1,11,11,5,4,1,0,True,True
Bamboo,8,5x5,6x5,25,25,1.0,0.833,7,19,18,6,9,25,5,1,11,15,5,4,1,0,True,True
Bamboo,9,5x5,6x5,25,26,1.0,0.867,12,20,13,6,8,27,2,1,8,13,4,4,2,0,True,True
Bamboo,10,5x5,6x6,25,28,1.0,0.778,19,21,6,7,18,29,6,1,8,16,5,5,2,0,True,True
Bamboo,11,5x5,6x6,25,30,1.0,0.833,22,22,3,8,19,31,1,1,7,18,5,5,2,0,True,True
Bamboo,12,5x5,6x6,25,32,1.0,0.889,9,24,16,8,6,33,7,1,8,15,6,5,2,0,True,True
Moon,1,5x5,6x5,25,27,1.0,0.9,22,21,3,6,13,29,1,1,9,17,4,4,0,1,True,True
Moon,2,5x5,6x6,25,29,1.0,0.806,20,22,5,7,14,31,1,1,8,13,4,4,0,1,True,True
Moon,3,5x5,6x6,25,30,1.0,0.833,17,23,8,7,15,33,2,1,8,20,4,4,0,1,True,True
Moon,4,5x5,6x6,25,31,1.0,0.861,23,24,2,7,20,35,1,1,9,17,3,4,2,2,True,True
Moon,5,5x5,6x6,25,32,1.0,0.889,24,25,1,7,17,36,1,1,8,18,3,4,2,2,True,True
Moon,6,5x5,6x6,25,33,1.0,0.917,18,26,7,7,18,38,2,1,8,18,3,4,2,2,True,True
Moon,7,5x5,7x6,25,34,1.0,0.81,23,27,2,7,18,39,1,1,6,18,3,5,2,2,True,True
Moon,8,5x5,7x6,25,36,1.0,0.857,23,28,2,8,19,41,1,1,7,17,3,5,2,2,True,True
Moon,9,5x5,7x6,25,37,1.0,0.881,23,29,2,8,20,43,1,1,6,17,3,5,2,2,True,True
Moon,10,6x5,7x7,30,39,1.0,0.796,24,30,6,9,30,45,1,1,11,24,4,5,3,3,True,True
Moon,11,6x5,7x7,30,40,1.0,0.816,21,31,9,9,23,47,3,1,9,24,4,5,3,3,True,True
Moon,12,6x5,7x7,30,42,1.0,0.857,22,32,8,10,23,50,3,1,7,20,4,6,3,3,True,True
